index,descriptors,area/point,core/prop,tags,,combinations
0,cable car|cable way|aerial tramway,point,core,"aerialway=cable_car, aerialway=gondola, aerialway=mixed_lift, aerialway=station, aerialway=pylon",,
1,ski tow|ski lift|rope tow|chair lift,point,core,"aerialway=chair_lift, aerialway=drag_lift, aerialway=station, aerialway=goods, aerialway=pylon",,
2,airport|airfield|air base|airplane parking|flight strip|boarding|tarmac|terminal|runway|aerodrome|airdrome|landing field|landing strip|airplane garage|hangar|aircraft shed|aviation depot|airplane storage,area,core,"aeroway=aerodrome, aeroway=aircraft_crossing, aeroway=apron, aeroway=gate, aeroway=hangar, aeroway=runway, aeroway=taxiway, aeroway=terminal, military=airfield, aeroway=parking_position, aeroway=holding_position, military=airfield, building=hangar",,
3,helipad|heliport|helicopter landing area|helicopter parking | helideck | helicopter landing pad | helistop,point,core,"aeroway=helipad, aeroway=heliport",,
4,air tower|Aviation control tower|Air traffic control tower|ATCT|Control tower|navigationaid|Air traffic control center |ATCC|Flight tower|Air traffic management (ATM) tower|Air traffic control facility (ATCF)|Air traffic control station (ATCS)|Air traffic control unit (ATCU),point,core,aeroway=navigationaid,,
5,spaceport|airport for spacecrafts|spacecraft drome|cosmodrome|astro station|space airport|space dock|launching base,area,core,aeroway=spaceport,,
6,Wind meter|Air-sleeve|Wind vane|windsock|Wind flag|Weathercock|Air sock|Wind cone|Drogue|Wind sleeve|Wind direction indicator,point,core,aeroway=windsock,,
7,pub|bar|biergarten|beergarden|saloon|tavern|beer garden|watering hole|Inn|cocktail lounge|lounge|wine bar,point,core,"amenity=bar, amenity=pub, amenity=biergarten",,
8,outdoor seating|al fresco|outside seating area,,core/prop,"leisure=outdoor_seating, outdoor_seating=yes",,
9,cafe|coffeehouse|coffee shop|bistro|tearoom|lunchroom|coffee bar|coffee place,point,core,"amenity=cafe, shop=coffee",,
10,ice cream parlor|frozen yoghurt|ice cream shop|ice cream store|ice cream parlour|confectionery|gelato|sorbe,point,core,"amenity=ice_cream, shop=ice_cream",,
11,eatery|eating area|restaurant|diner|food counter|canteen|grill|eating place|fast food|snackbar | buffet,point,core,"amenity=restaurant, amenity=food_court, amenity=fast_food",,
12,cuisine|kitchen,,prop,cuisine=***example***,,
13,library|games exchange|public library|media center|archive|book room|study,area,core,"amenity=library, amenity=toy_library",,
14,research institute|research facility|scientific research institute|academic institute|center for research|think tank|lab|research lab,point,core,amenity=research_institute,,
15,school|highschool|high school|elementary school|school building|language school|music school|learning center|preparatory school|prep school,area,core,"amenity=school, amenity=language_school, amenity=music_school, building=school, amenity=prep_school",,
16,Driving school|driver training|traffic training|auto school|motorist training center|road safety school|driver education center|vehicle training,,core,"amenity=driving_school, amenity=driver_training",,
17,higher education|campus|university|academy|college|college building|university building|college campus,area,core,"amenity=university, amenity=college, building=university, building=college",,
18,bicycle parking area|bicycle parking spots|Bicycle parking|bike parking|cycle park|cycle stand|bicycle compound|bicycle rack|bike rack|bicycle garage|bicycle shed|bicycle parking garage,area,core,"amenity=bicycle_parking, amenity=bicycle_rental",,
19,bicycle repair station|bike repair facility|bicycle repair shop|bike service center|bicycle service center|Bike Shop|Bicycle Store|Cycle Retailer|Bike Repair Shop,point,core,"amenity=bicycle_repair_station, shop=bicycle",,
20,boat rental|watercraft rental|boat charter|boat hire|canoe rental|kayak rental|yacht rental|sailing boat rental,point,core,"amenity=boat_rental, amenity=boat_sharing",,
21,car rental|car rental shop|car sharing parking lot|Car sharing spots|car sharing place|hire car|car pool|car pooling station,point,core,"amenity=car_rental, amenity=car_sharing, amenity=car_pooling",,
22,car wash| auto wash| washing facility|carvac|car vacuum cleaner,point,core,"amenity=car_wash, amenity=vacuum_cleaner",,
23,charging station|charging facility|charging dock|charging base|EV charging|EV charging hub|Electric vehicle charging station|EV fueling station|battery charging point|plug-in port|EV Charging Point|electrical vehicle station|electrical charge point|EV charging station|car charging station,point,core,"amenity=charging_station, man_made=charge_point",,
24,service station|gasoline station|filling station|Fuel Station|Gas Station|Petrol Station|Refueling Stop ,point,core,"amenity=fuel, highway=services, shop=fuel",,
25,salt bin|ice bin|winter bin|grit bin|sand bin|grit box|winter grit box|snow salt dispenser|salt storage container,point,core,amenity=grit_bin,,
26,parking space|parking spot|parking|parking area|Parking lot|parking zone|parking aisle|street side parking|parking spot|parking slot|parking place|parking stall|accessible parking space,area,core,"amenity=parking, amenity=motorcycle_parking, amenity=parking_space, highway=service AND service=parking_aisle, parking=***any***, amenity=parking_space AND parking_space=disabled",,
27,parking complex|multi-story parking facility|parking entrance|car park|Multi-storey car park|underground parking garage|car storage facility|garage|Parking Garage|Vehicle Shed|Car Storage|Motor Storage Unit|carport|parking shelter|vehicle port|covered parking area|car pavillion,area,core,"amenity=parking_entrance, parking=underground, parking=multi-storey, building=parking, landuse=garages, building=garage, building=garages, building=carport",,
28,taxi stand|taxi|cab station|taxi bay|cab|taxicab|Motor Rickshaw,area,core,"amenity=taxi, taxi_vehicle=auto_rickshaw, taxi_vehicle=motorcycle",,
29,atm|bancomat|cash point|cash machine|cash dispenser|bank machine,point,core,"amenity=atm, amenity=payment_terminal",,
30,cambio|bank|credit union|financial institution|savings and loan association|money lender|treasury,point,core,"amenity=bank, amenity=bureau_de_change",,
31,health centre|medical facility|clinic|medical center|polyclinic|healthcare facility|outpatient care,point,core,"amenity=clinic, healthcare=yes",,
32,dentist|dental practice|dental clinic|endodontist|tooth doctor|orthodontist|dental surgeon|dental care centre,point,core,amenity=dentist,,
33,doctor|doctor practice|gp|general practitioner|medical practitioner|Physician|surgeo|Specialist|medic|doc|health professional|MD|medical doctor,point,core,amenity=doctors,,
34,hospital|hospital building|emergency room|healthcare center|health institution|medical institution|medical centre,area,core,"amenity=hospital, building=hospital",,
35,nursing home|elderly home|convalescent home|convalescent hospital|retirement home|elder care facility|old folks home|old peoples home|assisted living facility|rest home,area,core,"amenity=nursing_home, social_facility=nursing_home, social_facility:for=senior, social_facility=group_home, social_facility=assisted_living, social_facility=ambulatory_care",,
36,pharmacy|drugstore|apothecary|dispensary|chemist|pharmaceutical shop|medicine store|prescription drug store|pharmaceutical dispensary,point,core,"amenity=pharmacy, shop=chemist, shop=drugstore",,
37,homeless shelter|social facility|social services|social amenities|social care location|community institution|social welfare|food bank|soup kitchen ,area,core,"amenity=social_facility, social_facility=shelter, social_facility:for=homeless, social_facility=food_bank",,
38,veterinary|vet|veterinarian|animal doctor|horse doctor|veterinary surgeon,point,core,amenity=veterinary,,
39,brothel|whorehouse|bordello|cathouse|den of iniquity|house of prostitution|bagnio,point,core,"amenity=brothel, amenity=night_club, amenity=love_hotel, amenity=stripclub, amenity=swingerclub",,
40,casino|gambling establishment|gambling club|betting house|gambling|gambling den,area/point,core,"amenity=casino, amenity=gambling",,
41,cinema|movie theater|movie house|cineplex|picture palace|bioscope|the pictures|the movies|film house|drive-in|nickelodeon,point,core,amenity=cinema,,
42,community centre|community center|rec center|recreation center|community hall|activity center|neighborhood center|cultural center|civic centre,area/point,core,"amenity=community_centre, amenity=social_centre, building=community_centre, social_facility=community_centre",,
43,youth center|youth centre|youth club,,core,amenity=community_centre AND community_centre=youth_centre,,
44,conference centre|conference center|convention center|meeting venue|conference facility|symposium center|exhibition center|trade fair|trade fair center|congress center,area/point,core,"amenity=conference_centre, amenity=exhibition_centre, amenity=events_venue",,
45,fountain|spring|fount|jet|spray|well|water well|water pump|water source|water faucet|water spigot,point,core,"amenity=fountain, man_made=water_well, man_made=water_tap",,
46,music venue|music hall|amphitheater|concert hallstage|auditorium,area/point,core,amenity=music_venue,,
47,planetarium|astronomy center|celestial theater|astronomy theater|space observatory dome|star gazing hall|celestial dome|star theater,point,core,amenity=planetarium,,
48,public bookcase|book repository|bookshelf|book cabinet|book display,point,core,amenity=public_bookcase,,
49,tv studio|radio studio|recording studio|production studio|sound studio|music studio|audio lab|broadcasting studio|news studio|film studio,point,core,amenity=studio,,
50,theatre|theatre house|opera|opera house|theater|arts center|performing arts center|playhouse,area,core,"amenity=theatre, amenity=arts_centre",,
51,courthouse|court of law|court|tribunal|justice building|courtroom|judicial center|legal center,area,core,amenity=courthouse,,
52,fire station|fire brigade station|firehouse|fire department|fire brigade,area,core,"amenity=fire_station, building=fire_station",,
53,police station|police headquarters|cop shop|law enforcement center|police post|police precinct|station house,area,core,amenity=police,,
54,post box|letter box|mailbox|maildrop|pillar box|parcel drop box|mailing container|letterbox,point,core,"amenity=post_box, amenity=letter_box",,
55,post office|general post office|postal service|postal station|post office box,area,core,"amenity=post_office, amenity=mailroom, amenity=post_depot, amenity=parcel_locker",,
56,prison|jail|penitentiary|lockup|brig|slammer|bastille|penitentiary institution|correctional facility|detention center,area,core,amenity=prison,,
57,ranger station|National Park visitor headquarters|park visitor facility|forestry station|national park visitor center|national park information center,area,core,amenity=ranger_station,,
58,townhall|cityhall|town house|city government|municipal center,area,core,"amenity=townhall, building=public, amenity=townhall AND townhall:type=city",,
59,barbeque|barbie|public bbq|bbq|public grill|public outdoor grill|public outdoor coocking station|outdoor barbeque|cookout,point,core,amenity=bbq,,
60,bench|public bench|park bench|outdoor bench|street bench|public seating,point,core,amenity=bench,,
61,shower|public shower|communal shower|open shower|shower room,point,core,amenity=shower,,
62,public telephone|telephone| phone booth|coin phone|pay phone|public telephone booth|public phone,point,core,amenity=telephone,,
63,public toilet|toilet building|public bathroom|lavatory|restroom|toilet facility|washroom|sanitary facility|public loo|public WC|Dixi,area,core,"amenity=toilets, building=toilets, toilets=yes, building=public_toilet",,
64,water point|tapping point|source of water|water connection|hydration station|drinking water outlet|water dispenser|drinking fountain|water supply point|hydration hub|drinking water|bubbler|water fountain|public fountain,point,core,"amenity=water_point, amenity=watering_place, emergency=drinking_water, amenity=drinking_water",,
65,recycling facility|recycling center|waste management station|resource recovery center|garbage disposal facility|waste treatment center|recycling plant,area,core,"amenity=recycling, amenity=sanitary_dump_station, amenity=waste_transfer_station, amenity=waste_transfer_station",,
66,waste basket|garbage deposit|trash bin|public bin|public trash can|litter basket|garbage pail,,core,amenity=waste_basket,,
67,animal shelter|anaimal rescue center|animal refuge|pet adoption center|animal care center,area,core,"amenity=animal_shelter, amenity=animal_boarding, amenity=animal_breeding, amenity=animal_training",,
68,childcare center|daycare center|daycare|nursery|preschool|kindergarten|crèche|infant school|childcare facility,area,core,"amenity=childcare, amenity=kindergarten, building=kindergarten",,
69,public clock|town clock|street clock|clock tower|urban clock|city clock,,core,amenity=clock,,
70,dive centre| scuba center| diving center| dive school| dive club| dive shop,area,core,amenity=dive_centre,,
71,cemetery|burial ground| catacomb| memorial park| tomb|grave yard|mausoleum,area,core,"amenity=grave_yard, amenity=crematorium, amenity=funeral_hall, amenity=place_of_mourning, landuse=cemetery, historic=tomb, cemetery=***any***",,
72,hunting stand|shooting house|shooting platform|deer stand|hunting blind|elevated hide|observation stand|tree stand|game lookout|wildlife perch,,core,amenity=hunting_stand,,
73,internet cafe|cyber cafe|internet bar|web cafe|cybercenter|online cafe|internet shop|online access center|wi-fi lounge|digital cafe|computer lounge|tech cafe,,core,amenity=internet_cafe,,
74,marketplace|bazaar|trading center|trading hub|market square,area,core,amenity=marketplace,,
75,cloister|presbytery|monastery|abbey|clergy house|home for priests|friary|priory|religious retreat|convent|spiritual sanctuary,area,core,"amenity=monastery, building=monastery, historic=monastery, building=presbytery",,
76,public bath|onsen|hot spring|bathhouse|spa|sauna|baths|sweat room|heat bath|wellness|steam room|communal bathing facility|spa|thermal bath|thermal springs|hammam|geothermal pools|thermal springs|geothermal spa|natural thermal pool,area,core,"amenity=public_bath, natural=hot_spring, leisure=sauna",,
77,refugee site| refugee camp| refugee center|refugee centre| refugee settlement| refugee shelter| displaced persons camp,area,core,"amenity=refugee_site, amenity=refugee_housing, ",,
78,vending machine|automat|dispenser|coin machine|automated dispenser|snack machine|product vending unit|refreshment unit|self-service kiosk,,core,amenity=vending_machine,,
79,city wall|town wall|bounday wall|rampart|heritage wall|Citadel enclosure|ancient fortification,,core,"barrier=city_wall, historic=citywalls",,
80,fence|blockade|barrier|pallisade|perimeter|enclosure,way,core,"barrier=fence, barrier=hedge",,
81,handrail|public handrail|balustrade|rail|handle|grip rail,,core,barrier=handrail,,
82,kerb stone|kerb|sidewalk edge|curb|kerb|low curb| raised curb|high curb|flushed curb|flush curb|rolled curb|gutter|curb ramp|pram ramp,,core,barrier=kerb,,
83,wall|retaining wall|retaining structure,,core,"barrier=wall, barrier=retaining_wall",,
84,bollard| block barrier|jersey barrier|concrete barrier|median barrier|highway barrier,,core,"barrier=bollard, barrier=block, barrier=jersey_barrier",,
85,customs|border check|border control| border security| border patrol| border inspection| border management,area,core,barrier=border_control,,
86,cattle grid|cattle guard|livestock grid|stock grate|livestock barrier|cattle barrier|ranch gate|grated barrier,,core,barrier=cattle_grid,,
87,chain barrier|chain gate,,core,"barrier=chain, barrier=rope",,
88,cycle barrier|bike barrier|cycle gate|bicycle barrier|cycle safety rail|cycle lane obstruction|cyclist safety gate,,core,barrier=cycle_barrier,,
89,gate|archway|door|portal|gateway|entryway,,core,"barrier=gate, barrier=entrance",,
90,height restrictor|height barrier|height limiter|clearance barrier|overheight barrier|height control gate|overhead restrictor|height limitation bar|vehicle height barrier,,core,barrier=height_restrictor,,
91,lift gate|cargo door|loading gate|rear access gate|lift platform|loading ramp|tailgate,,core,barrier=lift_gate,,
92,toll booth| tollgate|toll gantry| transponder toll|Toll|electronic toll|free-flow toll,area,core,"barrier=toll_booth, highway=toll_gantry",,
93,turnstile| doorway| access gate| revolving door|full height turnstile|swing gate,,core,"barrier=turnstile, barrier=swing_gate",,
94,boundary marker|border stone| landmark| boundary post,,core,"boundary=marker, historic=boundary_stone",,
95,protected area|marine protection|national park|wilderness,area,core,"boundary=protected_area, boundary=national_park",,
96,houseboat|riverboat|floating home|liveaboard vessel|canal boat|river home|residential barge,,core,building=houseboat,,
97,residential building|apartment building|residence|tenement|block of flats|residential dwelling|flatresidential house,area,core,"building=residential, building=semidetached_house, building=apartments, residential=apartments",,
98,static caravan|mobile home|trailer home|travel trailer|house trailer|caravan|trailer park|mobile home park|parking lot for campers|caravan site|parking area for motorhomes|RV Park|Camper Ground|Motorhome Site|Trailer Park|Caravan Park|campsite|camping area|camp ground|camping|backpacking site|camp pitch,,core,"building=static_caravan, residential=trailer_park, tourism=camp_site, tourism=camp_pitch, tourism=caravan_site",,
99,terrace|row house|townhouse|terraced house|cluster house|home|linked house|house|detached house,,core,"building=terrace, building=house, building=detached",,
100,kiosk|convenience store|news stand|stall|convenience shop|7/11 I cigarette shop,,core,"building=kiosk, shop=kiosk, shop=convenience, shop=cigarette",,
101,office building|business center|office block|corporate building|offices|business park|company office|corporate office|office,area,core,"building=office, office=company, office=*",,
102,warehouse|depot|storage facility|repository|stockroom|storehouse|distribution center|logistics center,area,core,building=warehouse,,
103,cathedral|sanctuary|Basilica|Abbey Church,area,core,building=cathedral,,
104,chapel|side chapel|chantry chapel,,core,building=chapel,,
105,church|minster|house of prayer,area,core,"building=church, historic=church",,
106,kingdom hall|jehovas witnesses meeting place,area,core,building=kingdom_hall,,
107,religious building|religious center,area,core,building=religious,,
108,shrine|wayside shrine|altar|reliquary,area,core,"building=shrine, historic=wayside_shrine",,
109,temple,area,core,building=temple,,
110,civic building|civic center,area,core,building=civic,,
111,barn|hayloft|livestock shelter|cow barn|cowshed|farm auxiliary|support barn|farm service building|utility farm building|slurry|slurry tank|stable|horse stable|paddock|pig shed|sty|pigsty|hog barn|swine shelter|swine house|Rural Utility Building|Farm Auxiliary Structure,area,core,"building=barn, building=cowshed, building=farm_auxiliary, building=stable, building=slurry_tank, man_made=storage_tank AND content=slurry, building=farm_auxiliary, building=stable, building=sty",,
112,grandstand|stadium seating|spectator seating,area,core,building=grandstand,,
113,hut|shed|wilderness hut|shack|lodge|bivouac shelter|shelter|cabin|roughly built house|Bungalow|allotment house|Wilderness Shelter|Garden House|Allotment Cabin|Rustic Lodge|Timber Shelter|Remote Shelter|Countryside Cabin,,core,"building=hut, building=shed, tourism=wilderness_hut, building=cabin, building=allotment_house, building=bungalow, tourism=alpine_hut",,
114,digester|biogas production|fermenter|bio-reactor|anaerobic chamber|biogas generator,,core,building=digester,,
115,service building|utility building|maintenance building,,core,building=service,,
116,silo|storage tower|granary|hopper|Storage Tank|Storage Tank|Liquid Holding Tank|Industrial Container,,core,"building=silo, building=storage_tank, man_made=silo, man_made=bunker_silo, man_made=storage_tank",,
117,beach hut|beachside shack|beach shelter|tiki hut|sandside cottage|shore shelter,,core,building=beach_hut,,
118,castle|historic fort|castle wall|fort|castle tower|château|palace|fortress,area,core,"building=castle, historic=castle, historic=castle_wall, historic=fort, man_made=tower AND tower:type=defensive",,
119,building under construction|unfinished building|partial structure,area,core,building=construction,,
120,container|living container|shipping container home|industrial unit|stacked container architecture,,core,building=container,,
121,pergola|canopy|free standing patio|rain shelter|pavilion|bandstand|concert gazebo|music pavillon|outdoor stage|performance shelter,,core,"building=roof, amenity=shelter, building=pavilion, leisure=bandstand",,
122,ruins|demolished building|derelict building|abandoned structure,area,core,"building=ruins, demolished:building=***any***, historic=ruins",,
123,tent|permanent tent|camping shelter|tepee|tipi,,core,building=tent,,
124,levels|building levels|floors|storeys|stories|tiers|decks|etage,,prop,building:levels=***numeric***,,
125,construction material|fabrication material|Material|Construction Material|Surface Material|Building Material,,prop,"building:material=***example***, material=***example***",,
126,height,,prop,height=***numeric***,,
127,ambulance station|medical dispatch center|paramedic hub|rescue facility,area,core,emergency=ambulance_station,,
128,defibrillator|heart starter|cardiac device|AED|cardiac resuscitator|pulse generator|emergency cardiac aid,,core,emergency=defibrillator,,
129,landing site|emergency airstrip|emergency landing area|emergency landing site,area,core,emergency=landing_site,,
130,emergency ward entrance|ER entrance|emergency room entrance|hospital emergency access|ambulance bay|casualty ward entrance|first aid access,,core,emergency=emergency_ward_entrance,,
131,Emergency Exit|fire exit|safety door|escape route exit|exit point|escape hatch|rescue exit|evacuation exit,,core,entrance=emergency,,
132,fire service inlet|FDC|fire department connection|fire water inlet|fire hose connection point|firewater feed point|fire pump inlet|fire hydrant||hydrant connection,,core,"emergency=fire_service_inlet, emergency=fire_hydrant",,
133,fire alarm box|fire call box|emergency alarm box|emergency alarm unit|break glass point|alarm activation panel|alert box,,core,emergency=fire_alarm_box,,
134,fire extinguisher|fire suppression device|extinguishing unit|fire control equipment|fire spray unit|emergency extinguisher|flame extinguisher|fire aid tool,,core,emergency=fire_extinguisher,,
135,fire hose|firefighting hose|hydrant hose|fire supression hose,,core,emergency=fire_hose,,
136,fire tower|observation tower|lookout tower|fire observation|fire lookout,,core,"man_made=tower AND tower:type=observation, emergency=fire_lookout",,
137,suction point|intake port|vacuum inlet|suction inlet,,core,emergency=suction_point,,
138,lifeguard|beach patrol|water safety officer|pool attendant|ocean warden|swimming area guardian,,core,emergency=lifeguard,,
139,life ring|life buoy|rescue ring|buoyance aid|safety floatation device|emergency buoy,,core,emergency=life_ring,,
140,lifeguard tower|beach observation post|lifeguard platform|beach patrol post,,core,lifeguard=tower,,
141,assembly point|safety gathering point|emergency meeting spot|rescue assembly area|evacuation rendezvous,,core,emergency=assembly_point,,
142,emergency phone|emergency telephone|rescue line|emergency call box|SOS phone,,core,emergency=phone,,
143,siren|emergency alarm|alarm|emergency horn|warning signal|emergency wail,,core,emergency=siren,,
144,moraine|glacial debris|till|glacial depposit|glacial drift,area,core,geological=moraine,,
145,outcrop|stone protrusion|rock ledge|bedrock exposure,area,core,geological=outcrop,,
146,palaeontological site|fossil site|excavation area|prehostoric remains site|fossil bed|fossil excavation site|paleontology dig|geological discovery site,area,core,geological=palaeontological_site,,
147,volcanic caldera rim|vulcano edge|vulcano centre|volcanic vent|volcanic crater|volcanic opening|lava outlet|eruption point|volcano mouth|vent hole|volcanic lava field|lava|magma|volcanic flow|liquid rock|volcanic discharge|igneous flow|fire river,area,core,"geological=volcanic_caldera_rim, geological=volcanic_vent, geological=volcanic_lava_field",,
148,road|street|surface street|secondary road|country road|rural road|tertiary road|B-road,area,core,"highway=road, highway=primary, highway=secondary, highway=tertiary, highway=unclassified, highway=residential, highway=secondary_link, highway=tertiary_link, highway=living_street, highway=service, area:highway=***ANY***",,
149,freeway|interstate|motorway|expressway|autobahn|highway,area,core,"highway=motorway, highway=trunk, highway=primary, highway=motorway_link, highway=trunk_link, highway=primary_link, highway=motorway_junction",,
150,track|sand track|foot trail|bridleway|unpaved road|path|bootleg trail|cow path|elephant path|pig trail|shortcut|social trail,area,core,"highway=path, highway=track, highway=bridleway, highway=path, highway=trailhead",,
151,Highway link|connecting roads|link roads|motorway link,area,core,"highway=motorway_link, highway=trunk_link, highway=primary_link, highway=secondary_link, highway=tertiary_link",,
152,emergency escape ramp|truck arrester bed|escape|Runaway truck ramp,area,core,highway=escape,,
153,speedway|raceway|racetrack| race track|circuit|speedway,area,core,highway=raceway,,
154,sidewalk|footpath|footway|pedestrian walkway|pavement|pedestrian way,,core,"highway=footway, highway=pedestrian, footway=sidewalk, [""sidewalk""|""sidewalk:right""|""sidewalk:left""|""sidewalk:both""|""sidewalk:foot""|""sidewalk:right:foot""|""sidewalk:left:foot""|""sidewalk:both:foot""]=[""both""|""left""|""right""|""separate""|""yes""|""designated""], foot=designated, foot=official, area:highway=footway",,
155,Moving walkway|moving sidewalk|travelator|rolling sidewalk|motorized path,,core,highway=footway AND conveying=***any***,,
156,staircase|steps|stairway|Stairs|flight of stairs|set of stairs,,core,"highway=steps, area:highway=steps",,
157,corridor|transport corridor|highway corridor|infrastructure corridor,,core,highway=corridor,,
158,Pedestrian crossing|refuge island|marked crosswalk|pedestrian island|zebra crossing,,core,"footway=crossing, footway=pedestrian, highway=crossing, railway=crossing, path=crossing, crossing=[""uncontrolled""|""marked""|""traffic_signals""|""zebra""|""pedestrian_signals""|""island""], crossing:island=yes",,
159,Bicycle lane|cycleway|cycle path|bicycle street|bicycle road|cycle crossing|bicycle crossing,,core,"highway=cycleway, [""cycleway:right""|""cycleway:left""|""cycleway:both""|""cycleway""]=[""lane""|""opposite_lane""|""opposite""|""separate""|""crossing""], highway=cycleway, cyclestreet=yes, [""bicycle""|""cycleway:bicycle""]=[""designated""|""official""], cycleway=crossing",,
160,bus guideway|lane|bus lane|bus street|busway|bus track,,core,"[""busway""|""busway:right""|""busway:left""|""busway:both""]=[""lane""|""opposite_lane""|""designated""|""yes""], [""psv:lanes:forward:conditional""|""psv:lanes:backward:conditional""|""psv:lanes:forward""|""psv:lanes:backward""|""psv:lanes:conditional""|""psv:lanes""|""psv""|""bus:lanes:forward:conditional""|""bus:lanes:backward:conditional""|""bus:lanes:forward""|""bus:lanes:backward""|""bus:lanes:conditional""|""bus:lanes""|""bus""]~designated, highway=busway, highway=bus_guideway,[""lanes:bus:forward:conditional""|""lanes:bus:backward:conditional""|""lanes:bus:forward""|""lanes:bus:backward""|""lanes:bus:conditional""|""lanes:bus""|""lanes:psv:forward:conditional""|""lanes:psv:backward:conditional""|""lanes:psv:forward""|""lanes:psv:backward""|""lanes:psv:conditional""|""lanes:psv""]>0, highway=[""busway""|""bus_guideway""], ",,
161,ford|shallow crossing|stream passage|river crossing|wading spot|waterway pass|shallow entry|watershed crossing,area,prop,ford=yes,,
162,ice road|winter road|ice crossing|glacial route|iceway|artic road,area,core,ice_road=yes,,
163,mountain pass|mountain crossing|highland gap|alpine passage,area,core,mountain_pass=yes,,
164,passing place|overtaking spot|traffic bypass area,,core,highway=passing_place,,
165,emergency bay|lay-by|pull-off,area,core,highway=emergency_bay,,
166,emergency access point|emergency access,,core,"highway=emergency_access_point, highway=service AND service=emergency_access",,
167,give way sign|yield sign|right of way sign|priority sign|traffic yield marker|roadway priority sign|intersection priority marker,,core,highway=give_way,,
168,highway milestone|roadside marker|distance marker|milestone marker|distance stone,,core,highway=milestone,,
169,Roundabout|mini roundabout|traffic circle|rotary|road circle|circular intersection|traffic loop|circle junction|ring junction,area,core,"highway=mini_roundabout, junction=circular, junction=roundabout",,
170,motorway junction|highway interchange|freeway intersection|motorway crossing,area,core,highway=motorway_junction,,
171,rest area|rest stop|rest zone|service area|motorway stop|break point,area,core,"highway=rest_area, highway=services",,
172,speed camera|speed trap|traffic camera|radar camera|speed enforcement camera|roadside radar|speed monitoring camera,,core,highway=speed_camera,,
173,Speed Limit Sign|max speed sign|speed sign|maximum speed|radar speed sign,,core,"traffic_sign=maxspeed, highway=speed_display",,
174,stop sign|halt sign|traffic stop marker|stop signal|road halt sign|stop warning,,core,highway=stop,,
175,traffic sign|road sign|traffic marker|street sign|traffic marker|road marker|vehicle guidance sign,,core,highway=traffic_sign ,,
176,street lamp|streetlight|lamp post|road light|pathway light|street illumination,,core,"highway=street_lamp, camera:mount=street_lamp, support=street_lamp, lamp_type=street_lamp, lamp:type=street_lamp, light:type=street_lamp, amenity=street_lamp",,
177,traffic mirror|road safety mirror|highway mirror|street mirror|corner safety mirror|intersection mirror,,core,highway=traffic_mirror,,
178,traffic signals|traffic control|traffic light|traffic lights|traffic lamps|signal lights|stop lights ,,core,highway=traffic_signals,,
179,aqueduct|Water Bridge|Elevated Conduit|Watercourse Viaduct|Arched Waterway,area,core,historic=aqueduct,,
180,archaeological site|Heritage Site|cultural heritage location|ancient remains,area,core,historic=archaeological_site,,
181,cannon|Artillery Gun|Field Gun|historic cannon,area,core,historic=cannon,,
182,city gate|Town Gate|Entrance Arch to the city|Gatehouse|medieval gate|walled city entrance,,core,"historic=city_gate, building=gatehouse",,
183,historic highwater mark|Flood Level Marker|Floodmark|Highwater Record Sign|Historic Floodline,,core,historic=highwater_mark,,
184,historic mansion|manor|Manor House|Estate House,area,core,historic=manor,,
185,memorial|memorial site|memorial plaque|stolperstein|commemorative plaque|war memorial|monument|historic monument|Historic Marker,,core,"historic=memorial, historic=monument",,
186,wreck|ship wreck|Wreckage|Sunken Vessel|Maritime Ruin|Submerged Wreck|Historic Wreck Site|Naval Wreck,,core,historic=wreck,,
187,shopping district|commercial|shopping area|shopping street|commercial area|retail district|retail building|commercial building|Retail Complex|Shopping Center|Mall|department store|large store|Multi-Section Store|shop|store|retail space,area,core,"landuse=commercial, landuse=retail, building=retail, building=commercial, building=retail, shop=mall, shop=department_store, shop=***any***",,
188,construction site|construction area|Building Site|Development Area|Former Industrial Land|Abandoned Lot|development site,area,core,"landuse=construction, landuse=brownfield, landuse=greenfield",,
189,educational district|Educational Facilities|Learning Institutions|Academic Campus|academic buildings,area,core,"landuse=education, amenity=kindergarten, amenity=school, amenity=college, amenity=university, office=educational_institution",,
190,industrial|Industrial area|factory district|manufacturing zone|industrial park|industrial building,area,core,"landuse=industrial, industrial=***any***, man_made=works, building=industrial",,
191,urban area|town|township|settlement|village|community|suburb|hamlet|megalopolis|residential area|dwelling|city|metropolis|municipality,area,core,"landuse=residential, place=[""city""|""suburb""|""town""|""village""|""isolated_dwelling""|""hamlet""], landuse=[""residential""|""commercial""|""retail""|""institutional""|""education""]",,
192,marine farm|fishery|fish farm|aquaculture,area,core,"landuse=aquaculture, seamark:type=marine_farm",,
193,planter|garden|Allotments|rosarium|allotment|plots|flower garden|Flower bed,area,core,"landuse=allotments, landuse=flowerbed, man_made=planter, barrier=planter, garden:type=***any***, garden:style=***any***, allotment=plot, leisure=garden",,
194,rural area|farming area|cultivated land|farmland|farm|agrarian region|agricultural land|cropland|countryside,area,core,"landuse=farmland, landuse=farmland, landuse=orchard, landuse=farmyard, landuse=vineyard, landuse=allotments, landuse=greenhouse_horticulture, landuse=plant_nursery, building=farm, landuse=farm, place=farm",,
195,woodlands|woodland|grove|forest|woods|tiimberland|jungle|rainforest,area,core,"landuse=forest, landuse=orchard, natural=wood, landcover=trees",,
196,greenhouse horticulture|glasshouse|Greenhouse|hothouse|conservatory|orangery|winter garden|plant nursery,area,core,"landuse=greenhouse_horticulture, landuse=greenhouse, building=greenhouse, building=conservatory",,
197,fruit garden|fruit grove|orchard,area,core,landuse=orchard,,
198,winery|vineyard|grape plantation,area,core,landuse=vineyard,,
199,greenfield|lawn|grass|village green|meadow|fell|tundra|grassland|turf|Common Green|Community Green|Public Green,area,core,"landuse=grass, landuse=village_green, landuse=meadow, landuse=greenfield, surface=grass, surface=artificial_turf, natural=grassland, natural=fell, natural=tundra",,
200,landfill|Garbage Dump|Trash Disposal Area,area,core,landuse=landfill,,
201,Military Trench|war trench|trench,,core,military=trench,,
202,harbour|port|seaport|harbor|Dockyard|Maritime Terminal|Seaport|Cargo Port|Industrial Dock|Waterside Terminal|marina|Boat Harbor|Yacht Harbor|Pleasure Craft Dock|Recreational Harbor,area,core,"landuse=port, industrial=port, landuse=port, leisure=marina",,
203,mine|quarry|Open-Pit Mine|Surface Mine|Stone Pit|Gravel Pit,area,core,"landuse=quarry, industrial=mine",,
204,recreation ground|Park|public garden|greenspace|recreational area|Playing Field|Open Recreational Space,area,core,"landuse=recreation_ground, landuse=village_green, leisure=park",,
205,winter sports area|Ski Area|Winter Sports Zone|Snow Sports Area|Ski Resort,area,core,"landuse=winter_sports, site=piste",,
206,amusement arcade|Game Arcade|Video Arcade|Coin-Op Arcade|Entertainment Arcade|Arcade Center,area,core,"leisure=amusement_arcade, leisure=adult_gaming_centre",,
207,beach resort|Seaside Resort|Coastal Resort|Oceanfront Resort|Beachfront Retreat| Holiday Resort|Shoreline Resort|Waterfront Resort,area,core,leisure=beach_resort,,
208,bird hide|Bird Watching Shelter|Wildlife Observation Hut|Bird Blind|Observation Hide|Birdwatching Cabin,,core,leisure=bird_hide,,
209,dance venue|dance hall|dance school|Dancing Space|Dance Studio|Dancing School|Dance Academy,area,core,"leisure=dance, amenity=dancing_school",,
210,dog park|Dog Run|Off-Leash Area|Dog Exercise Area|Canine Park,area,core,leisure=dog_park,,
211,fishing spot|place for fishing|angling area,,core,leisure=fishing,,
212,fitness centre|gym|fitness facility|fitness studio|Fitness Club,area,core,"leisure=fitness_centre, sport=fitness",,
213,horse riding centre|horseback riding|rodeo arena|equestrian arena|horse riding ring|riding hall|equestrian arena|riding arena|riding pavilion|equestrian center,area,core,"leisure=horse_riding, sport=equestrian, building=riding_hall",,
214,nature reserve|Wildlife Reserve|Natural Preserve|Conservation Area|Protected Natural Area,area,core,leisure=nature_reserve,,
215,playground|play area|play park|kids playground|playzone,area,core,"leisure=playground, playground=***any***",,
216,swimming|swimming pool|watersport|watersport center|public pool,area,core,"leisure=swimming_pool, leisure=swimming_area, sport=swimming",,
217,water park|aquapark|Aquatic Park|Water Theme Park,area,core,leisure=water_park,,
218,bridge|overpass|Elevated Way|Bridgeway|skyway|skybridge|bridge between buildings|aerial walkway,area,core,"man_made=bridge, building=bridge, bridge=yes",,
219,chimney|Industrial Chimney|Smoke Stack|Exhaust Tower|factory chimney,,core,man_made=chimney,,
220,gasometer|Gas Holder|Gas Storage Tank|Gasholder|Gas Storage Structure,,core,"man_made=gasometer, man_made=storage_tank AND content=gas",,
221,lighthouse|Beacon Tower|Coastal Beacon|Light Tower|Maritime Beacon|Beacon|guiding light|signal tower|strobe light|navigation beacon|lighting mast|flood light|stadium lights|stadium lighting|Light Tower|Stadium Lighting Pole|Floodlight Tower,,core,"man_made=lighthouse, man_made=beacon, man_made=mast AND tower:type=lighting",,
222,mineshaft|Mine Shaft|Vertical Shaft|Mining Shaft|Mine Access Point|Shaft Entrance ,,core,man_made=mineshaft,,
223,observatory|telescope|Observatory|Telescope Station|Astronomical Facility|Stargazing Center|Astronomy Dome|Research Telescope|Space Observation Site,,core,"man_made=observatory, man_made=telescope",,
224,offshore platform|Oil Rig |Drilling Platform|Offshore Facility|Sea Platform|Marine Extraction Site|Ocean Rig ,,core,man_made=offshore_platform,,
225,petroleum well|Oil Well|Drilling Well|Pumpjack Site|Extraction Well,,core,man_made=petroleum_well,,
226,dock|pier|wharf|quay|floating pier|jetty|berth|floating dock|boardwalk|ship dock,area,core,"man_made=pier, man_made=quay, man_made=pier AND floating=yes, waterway=dock",,
227,Diving Platform|diving tower,,core,man_made=tower AND tower:type=diving,,
228,pipeline|Utility Pipe|Transport Pipeline|Conduit Line,,core,man_made=pipeline,,
229,pumping station|Pump House|Water Pump Facility|Water Works|water utility|water supply plant|water treatment facility|public water service|wastewater plant|Sewage Treatment Plant|Water Reclamation Facility |Effluent Treatment Plant|Wastewater Facility|Wastewater Pond|Treated Water Basin,,core,"man_made=pumping_station, man_made=water_works, man_made=wastewater_plant, landuse=industrial AND industrial=wastewater_treatment, water=wastewater",,
230,snow fence|Snow Net|Avalanche Barrier|Snow Drift Fence,,core,"man_made=snow_fence, man_made=snow_net",,
231,surveillance camera|security camera|cctv|monitoring camera|security video|public camera,,core,man_made=surveillance,,
232,survey point|triangulation pillar|geodetic vertex|Triangulation Station|geodetic point,,core,man_made=survey_point,,
233,tower,,core,man_made=tower,,
234,watermill|Water-Powered Mill|River Mill|Hydropowered Mill|Historic Watermill,,core,"man_made=watermill, historic=watermill, man_made=mill AND generator:source=water",,
235,wildlife crossing|Animal Overpass|Animal Underpass|Ecopassage|Wildlife Bridge,,core,man_made=wildlife_crossing,,
236,works|production plant|factory|industrial production building|Industrial Plant|Manufacturing Facility|Production Site|Industrial Works|Processing Plant,,core,"man_made=works, building=manufacture",,
237,military airfield|Military Airport|Air Force Base|Armed Forces Airstrip,area,core,military=airfield,,
238,Armed Forces Installation|Defense Compound|Military Academy|Officer Training School|Cadet Facility|Troop Barracks|Soldier Quarters|Garrison Housing|Training Grounds|Assault Course|Military Obstacle Course|Tactical Training Area|Military Camp|military fort|garrison|armory|army base|military installation|Military base|naval base|marine base|navy base,area,core,"military=base, military=academy, military=barracks, military=obstacle_course, building=military, landuse=military, military=base, military_service=***any***",,
239,bunker|military bunker|Fortified Shelter|Defensive Structure|Underground Bunker|Combat Shelter|Armored Hideout|Blast Shelter,area,core,"military=bunker, building=bunker",,
240,Security Checkpoint|Roadblock|Access Control Point|Inspection Post|Armed Checkpoint|Entry Control Station|Border Checkpoint|Military Checkpoint|Police Checkpoint,,core,"military=checkpoint, police=checkpoint",,
241,danger area|Restricted Military Area|Live-Fire Zone|Ammunition Testing Ground|Military training area|military proving ground|military firing range|hazard area|hazardous area|danger zone|perilous zone|high-risk zone,area,core,"military=danger_area, military=range, military=training_area, boundary=hazard",,
242,nuclear explosion site|Atomic Blast Site|Nuclear Detonation Area,area,core,military=nuclear_explosion_site,,
243,military office|Defense Administration Building|Armed Forces Office|Command Office|Military Headquarters,,core,military=office,,
244,thicket|hedge|heath|shrubbery|scrub|Bushes|bush|shrub,,core,"natural=heath, natural=scrub, natural=shrubbery, barrier=hedge",,
245,row of trees|tree|copse|tree row|trees,area,core,"natural=tree, natural=tree_row, landuse=orchard",,
246,shoreline|coast|beach|Coastline|Seashore|Shoreline|Sandy Shore|Coastal Area|Oceanfront,,core,"natural=beach, natural=bay, natural=coastline",,
247,geyser|Hot Spring Eruption|Thermal Vent|Geothermal Fountain,,core,natural=geyser,,
248,glacier|Ice Field|Ice Sheet|Frozen River|Alpine Glacier,area,core,natural=glacier,,
249,mud|muddy area|Mudflat|Mud Patch|Wet Silt Area|Natural Mud Zone|Muddy Terrain ,area,core,natural=mud,,
250,spit|peninsula|promontory|headland|cape|land tongue|Isthmus |Land Spit|Coastal Promontory|Narrow Land Bridge|Land Neck,area,core,"natural=peninsula, natural=isthmus, natural=cape",,
251,reef|Coral Reef|Rock Reef|Submerged Ridge|Underwater Barrier|Marine Reef ,area,core,natural=reef,,
252,body of water|water|inland water|natural pool,area,core,natural=water,,
253,cliff|Cliffs|escarpment|precipice|Rock Face|ridge|Arête|mountain crest|mountain ridge|mountain range|mountain|mountain peak,area,core,"natural=cliff, natural=arete, natural=ridge, natural=mountain_range, natural=peak",,
254,dune|sand dune|Sand Hill|Wind-Blown Ridge|Desert Dune|Coastal Dune,area,core,natural=dune,,
255,hill|Knoll|Mound|Upland|Rise|Small Elevation,area,core,natural=hill,,
256,rock|group of rocks|Rocky Ground|Bare Rock|Stone Field|Rock Outcrop|Scree Slope|Shingle Bank|Boulder Field|Loose Rock|Rockfall Area|Gravel Slope|Rocky Terrain|Blockfield|Talus Slope,area,core,"natural=rock, natural=stone, natural=bare_rock,natural=blockfield, natural=scree, natural=shingle",,
257,sand|sandy area|Sand|Sandy Ground|Sand Patch|Sand Flat|Sandy Terrain,area,core,natural=sand,,
258,sinkhole|Collapse Pit|Doline|Ground Depression|Karst Hole|Subsidence Crater|Earth Cavity,area,core,natural=sinkhole,,
259,Valley|River Valley|Mountain Valley|Glen|Ravine|Vale|Canyon|Gorge ,area,core,natural=valley,,
260,Volcano|Volcanic Mountain|Volcanic Cone|Crater Peak|Lava Dome|Magma Vent,area,core,natural=volcano,,
261,charity office|Charity Office|Nonprofit Office|Aid Organization HQ|Philanthropic Office|NGO Office|NGO Office|Non-Governmental Organization HQ|Civil Society Office|Foundation Office|Charitable Foundation HQ,,core,"office=charity, office=ngo, office=foundation",,
262,Construction Company Office|Building Firm Office|Contractor Office,,core,office=construction_company,,
263,Employment Agency|Job Center|Recruitment Office|Career Services Office|Job Placement Agency|Employment Services Center,,core,office=employment_agency,,
264,Energy Supplier Office|Power Company Office|Utility Provider HQ,,core,office=energy_supplier,,
265,Engineering Office|Engineer's Office,,core,office=engineer,,
266,estate agent|real estate agent|Real Estate Office|Property Agency|Estate Agent|Realtor Office|Housing Agency|office of an estate agent,,core,office=estate_agent,,
267,Financial Services Office|Finance Company Office|Investment Office|Wealth Management Office,,core,office=financial,,
268,Forestry Office|Forest Management Office|Woodland Services Office|Forest Ranger HQ|Forestry Administration,,core,office=forestry,,
269,governmental office|Government Office|Public Administration Office|Government Headquarters|Civic Office|State Office|Government Building,,core,"office=government, building=government",,
270,lawyer|lawyer's office|Law Office|Legal Services Office|Attorney’s Office|Law Firm,,core,office=lawyer,,
271,haulers office|forwarders office|Logistics Office|Freight Coordination Office|Supply Chain HQ|Distribution Services Office,,core,office=logistics,,
272,moving company|Moving Company Office|Relocation Services Office,,core,office=moving_company,,
273,newspaper company|office of a newspaper|Newspaper Office|Editorial Office|Newsroom|Media Company HQ|Publishing House Office|Publisher’s Office|Editorial HQ|Book Publisher Office|Media Publisher Office,,core,"office=newspaper, office=publisher",,
274,politician's office|politician office|office of a political party|party office|political party office|Party Headquarters|Campaign Office|Politician’s Office|Elected Official’s Office,,core,"office=politician, office=political_party",,
275,office of a community of faith|Religious Office|Faith Organization Office|Church Administration|Religious Institution HQ,,core,office=religion,,
276,office of a telecommunication company|Telecommunications Company HQ|Network Provider Office,,core,office=telecommunication,,
277,atoll|islet|island|archipelago|Archipelago|Island Group|Island Chain|Cluster of Islands|Coastal Island,area,core,"place=island, place=islet, place=archipelago",,
278,square|Town Square|Public Square|City Plaza|Urban Square,area,core,place=square,,
279,sea|ocean|Open Sea|Maritime Area|Coastal Sea|Marine Body,area,core,place=sea,,
280,cable|Power Cable|Electrical Cable|Underground Power Line|Subsurface Cable|Power Line|Transmission Line|Electric Line|High-Voltage Line|Overhead Power Line|communications line|communications cable|power terminal|Power line terminal|power tower|power pole|electricity tower|Utility Pole|Electrical Tower|transformer tower|energy pylon|grid tower|electricity mast|electric tower|Utility Pole|telephone pole|electricity pole,,core,"power=cable, power=minor_line, communication=line, power=cable, power=line, power=terminal, power=tower, power=pole, building=transformer_tower, man_made=utility_pole",,
281,power plant|generating station|power station|powerhouse|power substation|power transformer,area,core,"power=plant, power=substation, power=transformer, power=terminal",,
282,abandoned|disused railway track|decommissioned railroad|Abandoned train track|disused railway|extinct line|deserted train track,area,core,"railway=abandoned, railway=disused",,
283,railway under construction|railway repair,area,core,railway=construction,,
284,railroad track|railway track|train track|train line,area,core,"railway=rail, railway=light_rail, railway=miniature, railway=narrow_gauge, railway=subway, railway=tram, route=railway",,
285,high-speed train track|high speed train track,area,core,railway=rail AND highspeed=yes,,
286,tram track|tram|subway|light rail|subway track|metro|underground|tube|rapid transit,area,core,"railway=subway, railway=tram, railway=light_rail, railway=miniature",,
287,railway bridge|railroad viaduct|train bridge|railroad bridge|trestle bridge,area,core,railway=***any*** AND bridge=yes,,
288,submerged path/railway|going through a cut|is in a cutting|running through a cutting,,prop,cutting=yes,,
289,railway tunnel|train tunnel|metro tunnel|railway underpass|subway tunnel|railroad tunnel,area,core,railway=***any*** AND tunnel=yes,,
290,railway crossing|level crossing|grade crossing|pedestrian railway crossing,area,core,"railway=crossing, railway=level_crossing, railway=tram_level_crossing, railway=railway_crossing",,
291,railway signal|railroad signal|railway light|train signal|trackside signal|railroad light|train signaling lights,,core,railway=signal,,
292,railway switch|track switch|railroad switch|train switch|train crossover,,core,railway=switch,,
293,turntable|rotating train platform|revolving train platform,,core,railway=turntable,,
294,alcohol shop|Liquor Store|Wine Shop|Alcohol Retailer|Spirits Shop,,core,shop=alcohol,,
295,Bakery|Bread Shop|Pastry Shop|Artisan Bakery|Baked Goods Store,,core,shop=bakery,,
296,supermarket|wholesale|discounter|Grocery Store|Discount Grocer|Wholesale Market|Food Retailer ,area/point,core,"shop=supermarket, building=supermarket, shop=discounter, shop=wholesale",,
297,clothes shop|clothing store|fashion store|boutique|fashion accessorie store|Fashion Outlet|Accessories Shop|Fashion Retailer,,core,"shop=clothes, shop=fashion, shop=boutique, shop=fashion_accessories",,
298,fabric shop|Fabric Store|Textile Shop|Cloth Store|Sewing Supply Shop,,core,shop=fabric,,
299,jewelry shop|Jewelry Store|Jeweler|Gemstone Shop|Fine Jewelry Boutique,,core,shop=jewelry,,
300,shoe shop|Shoe Store|Footwear Shop|Sneaker Store|Boot & Shoe Outlet,,core,shop=shoes,,
301,Charity Shop|Donation Store|Thrift Store|Nonprofit Retailer|Secondhand Charity Shop|Secondhand Store|Thrift Shop|Used Goods Store|Vintage Shop|second hand shop|Antique Shop|Vintage Store|Curio Shop|Antiques Dealer,,core,"shop=charity, shop=second_hand, shop=antique",,
302,beauty shop|nail salon|Beauty Store|Cosmetic Shop|Skincare Store|Makeup Boutique,,core,shop=beauty,,
303,Hair Salon|Hairdresser|Barber Shop|Hair Studio,,core,shop=hairdresser,,
304,Medical Supply Store|Health Equipment Shop|Medical Equipment Outlet|Healthcare Supply Store,,core,shop=medical_supply,,
305,tattoo shop|tattoo parlour|Tattoo Studio,,core,shop=tattoo,,
306,doityourself shop|DIY shop|DIY Store|Home Improvement Store|Hardware Shop|Tool Store,,core,shop=doityourself,,
307,Electronics Store|Tech Shop|Electronic Goods Retailer|Gadget Store|Consumer Electronics Store ,,core,shop=electronics,,
308,Mobile Phone Store|Cell Phone Shop|Smartphone Store,,core,shop=mobile_phone,,
309,boat shop|Marine Store|Boat Dealer,,core,shop=boat,,
310,car shop|car repair shop|car repair|Car Dealership|Auto Repair Shop|Car Parts Store|Vehicle Service Center|Auto Shop,,core,"shop=car, shop=car_repair, shop=car_parts",,
311,Hunting Store|Hunting Supplies Shop|Hunting shop,,core,shop=hunting,,
312,military surplus shop|Military Surplus Store|Army-Navy Store|Surplus Gear Shop|Tactical Surplus Outlet,,core,shop=military_surplus,,
313,Motorcycle Shop|Bike Dealer|Motorcycle Rental|Motorbike Store,,core,"shop=motorcycle, amenity=motorcycle_rental",,
314,sports shop|sport shop|Sports Store|Sporting Goods Shop|Athletic Equipment Store|Sportswear Retailer,,core,shop=sports,,
315,art shop|Art Store|Art Supply Shop|Creative Materials Store|Artist Supplies Shop,,core,shop=art,,
316,camera shop|Camera Store|Photography Shop|Photo Equipment Store,,core,shop=camera,,
317,Music Store|Instrument Shop|Record Store|Musical Instrument Retailer|Audio Equipment Shop,,core,"shop=music, shop=musical_instrument",,
318,book shop|book store|Bookstore|Bookseller,,core,shop=books,,
319,Lottery Shop|Lotto Outlet|Lottery Store,,core,shop=lottery,,
320,laundry shop|laundry place|self service laundry|Laundromat|Laundry Service|Dry Cleaning Shop|Washing Service,,core,shop=laundry,,
321,Travel Agency|Tour Booking Office|Vacation Planner|Travel Consultant|Holiday Agency,,core,shop=travel_agency,,
322,Weapons Shop|Arms Store|Firearms Dealer|Gun Shop|Tactical Weapons Retailer|Ammunition & Arms Shop,,core,shop=weapons,,
323,Vacant Shop|Empty Retail Unit|Available Storefront|Unoccupied Shop,,core,shop=vacant,,
324,baseball facility|Baseball Field|Baseball Diamond|Baseball Pitch|Baseball Grounds,area,core,sport=baseball,,
325,basketball facility|basketball field|Basketball Court|Basketball Arena|Streetball Court,area,core,sport=basketball,,
326,Golf Course|Golf Club|Driving Range|Golf Facility,area,core,"sport=golf, golf=***any***, leisure=golf_course",,
327,miniature golf location|Mini Golf Course|Miniature Golf|Adventure Golf|Crazy Golf|Putt-Putt Course,,core,leisure=miniature_golf,,
328,disc golf|disc golf course|Frisbee Golf|Flying Disc Course|Disc Golf Park,,core,"disc_golf=***any***, leisure=disc_golf_course",,
329,Bowling Alley|Bowling Center|Bowling Lanes|Tenpin Bowling|Indoor Bowling Hall|Bowling Green,,core,"leisure=bowling_alley, sport=bowls",,
330,ice skating field|ice skating hall|ice hockey|Ice Rink|Ice Hockey Rink|Ice Skating Hall|ice Skating Rink|Ice Skating Arena|Ice Arena,,core,"sport=ice_skating, sport=ice_hockey, leisure=ice_rink",,
331,sports facility|sports hall|sports center|sports club|athletics club|sporting club|sports association|sports society|Multipurpose Sports Facility|Indoor Sports Complex|Community Sports Center,area,core,"sport=multi, building=sports_hall, club=sport, leisure=sports_hall",,
332,soccer field| soccer hall|soccer facility|Football Pitch|Soccer Ground,area,core,sport=soccer,,
333,tennis facility|Tennis Court|Tennis Center|Tennis Club|Tennis Arena,area,core,sport=tennis,,
334,Data Center|Server Facility|Computing Hub ,area,core,telecom=data_center,,
335,Alpine Hut|Mountain Shelter|Hiking Lodge|Mountain Refuge,,core,tourism=alpine_hut,,
336,Aquarium|Marine Life Center|Sea Life Park|Aquatic Exhibit|Oceanarium,area,core,tourism=aquarium,,
337,Tourist Attraction|Visitor Site|Sightseeing Spot,area,core,tourism=attraction,,
338,Chalet|Mountain Lodge|Alpine Cabin|Ski Chalet|Guest House|Bed & Breakfast|Private Lodge|Family-Run Inn,,core,"tourism=chalet, tourism=guest_house",,
339,Hotel|Full-Service Hotel|Hotel Building|Tourist Accommodation|Hotel Facility|Hotel Complex|Hostel|Backpackers’ Lodge|Youth Hostel|Motel|Roadside Inn|Drive-Up Lodge|Budget Motor Lodge|Motorist’s Inn|Travel Motel,area,core,"tourism=hotel, building=hotel, tourism=hostel, tourism=motel, building=motel",,
340,Tourist Information|Visitor Info Point|Information Center|Travel Help Desk|Local Guide Center,,core,tourism=information,,
341,Museum|Exhibition Hall|Cultural Museum|Museum Building,area,core,"tourism=museum, building=museum",,
342,picnic site|picnic table|picnic shelter|picnic pavilion|Picnic Area|Picnic Spot|Picnic Table Site|Covered Picnic Area|Outdoor Dining Shelter,area,core,"tourism=picnic_site, leisure=picnic_table, amenity=shelter AND shelter_type=picnic_shelter, leisure=bandstand",,
343,amusement park|carnival|fairground|funfair|festival ground|Fair|theme park|Theme Park|Festival Grounds|Showground|Carnival Site,area,core,"tourism=theme_park, landuse=fairground, landuse=recreation_ground, recreation_ground=showground, amenity=festival_grounds, leisure=festival_grounds, attraction=big_wheel AND attraction=roller_coaster",,
344,viewpoint|view point|Scenic Lookout|Observation Point|Panoramic Spot|Vista Point|Viewing Platform,,core,tourism=viewpoint,,
345,Zoo|Zoological Park|Animal Park|Wildlife Sanctuary|Zoo Grounds,,core,tourism=zoo,,
346,canal|stream|river|channelstream area|creek|brook|watercourse|surge|Waterway,area,core,"water=river, water=stream, water=canal, waterway=river, waterway=stream, waterway=canal, water=oxbow",,
347,Ditch|Drainage Channel|Water Drain|Agricultural Ditch|Waterway Ditch,area,core,"water=ditch, waterway=drain, waterway=ditch, barrier=ditch",,
348,lock for boats|Canal Lock|Water Lock|Lock Chamber,area,core,water=lock,,
349,lake|pond|Freshwater Lake|Natural Pond,area,core,"water=lake, water=pond, landuse=pond",,
350,basin|reservoir|salt pond|water reservoir|wastewater basin|Water Basin|Retention Basin|Water Storage Area,area,core,"water=basin, landuse=basin, landuse=reservoir, landuse=salt_pond, water=basin, water=reservoir, man_made=reservoir_covered",,
351,lagoon|Coastal Lagoon|Shallow Bay|Tidal Pool,area,core,water=lagoon,,
352,moat|Defensive Moat|Castle Moat ,,core,water=moat,,
353,ship repair dock|dry dock|boatyard|boat storage|Boatyard|Boat Storage Facility,,core,"waterway=boatyard, amenity=boat_storage",,
354,Dam|Water Barrier|Water Retention Structure|Reservoir Dam|Weir|Low Head Dam|Water Flow Barrier|River Weir|Stream Weir,area,core,"waterway=dam, waterway=weir",,
355,Waterfall|Cascade|Falling Water,area,core,waterway=waterfall,,
356,boat fuelling station|ship fuelling station|Marine Fuel Station|Boat Refueling Point|Dockside Fuel Station|Marina Fuel Dock,,core,waterway=fuel,,
357,street name|Road Name,,prop,addr:street~***example***,,
358,name|brand|brand name,,core/prop,"name~***example***, brand~***example***, short_name~***example***, name:en~***example***, int_name~***example***, official_name~***example***",,
359,toll road|toll lane,,prop,toll=yes,,
360,City Limit Sign|Town Boundary Sign,,core,traffic_sign=city_limit,,
361,residential road|Residential Street|Living Street|Service Road|Local Access Road|Neighborhood Street,,core,"highway=residential, highway=living_street, highway=service",,
362,divided highway|dual carriageway road|Dual carriageway|Road Divider,area,core,"dual_carriageway=yes, area:highway=traffic_island",,
363,boat landing|Boat Ramp|Slipway|Vessel Launch Ramp|Boat Launching Slip,,core,leisure=slipway,,
364,monorail|single rail system|monorail track|Single-Rail Train|Urban Monorail System,area,core,railway=monorail,,
365,funicular|cable railway|incline railway,,core,railway=funicular,,
366,Train yard|railyard|rail yard|train depot|Rail Depot|Service Yard|Railway Depot,,core,"landuse=depot, service=yard, landuse=railway",,
367,inlet|Estuary|baymouth bar,,core,estuary=yes,,
368,skyscraper|condominium|tall building|high-rise apartment|high-rise building|skyline,area,core,building=***any*** AND building:levels>10,,
369,clear cut patch|logging|clear cut area|Logging area|deforested area|strip clearcut,,core,"landuse=logging, man_made=clearcut, man_made=cutline",,
370,lanes|street lanes|number of car lanes|traffic lanes|number of lanes|with more than X lanes|which has X lanes,,prop,lanes=***numeric***,,
371,carpool lane|HOV lane|High-occupancy vehicle lane,,prop,"[""hov:lanes:forward:conditional""|""hov:lanes:backward:conditional""|""hov:lanes:forward""|""hov:lanes:backward""|""hov:lanes:conditional""|""hov:lanes""]=designated",,
372,lanes in each direction|lanes going in each direction,,prop,lanes:forward=***numeric*** AND lanes:backward=***numeric***,,
373,train station|station|railway station|railway passenger station|railroad station|train platform|train stopping location,,core,"railway=station, public_transport=station AND train=yes,public_transport=platform AND train=yes, public_transport=stop_position AND train=yes, railway=halt, railway=platform, building=train_station",,
374,bus stop|bus platform|Bus bay|coach stop area|trolleybus station|trolleybus terminal|trolleybus stopping location|bus terminal,,core,"highway=bus_stop, bus_bay=both, bus_bay=left, bus_bay=right, public_transport=stop_position AND bus=yes, public_transport=stop_area, public_transport=station AND trolleybus=yes, public_transport=platform AND trolleybus=yes, public_transport=platform AND trolleybus=yes, public_transport=platform AND bus=yes, public_transport=stop_position AND trolleybus=yes, public_transport=platform AND trolleybus=yes",,
375,bus station|public bus transport station|bus transit station|bus commuter station|bus transport hub|bus interchangeterminus|coach station|,,core,"public_transport=platform AND bus=yes, public_transport=station AND bus=yes, amenity=bus_station, highway=platform AND bus=yes",,
376,Tram Stop|Tram Stopping location|Tram Station|Tram Platformsubway stop|subway station|subway platform|subway entrance|underground station,,core,"public_transport=stop_position AND tram=yes, public_transport=station AND tram=yes, public_transport=platform AND tram=yes, railway=tram_stop, public_transport=platform AND subway=yes, public_transport=stop_position AND subway=yes, public_transport=station AND subway=yes, railway=subway_entrance",,
377,monorail station|aerialway station|aerialway stopping location|light rail stopping location|monorail stopping location|light rail stop|light rail platform|light rail station|aerialway stop|aerialway platform|monorail platform|monorail stop,,core,"public_transport=station AND monorail=yes, public_transport=stop_position AND aerialway=yes, public_transport=stop_position AND light_rail=yes, public_transport=stop_position AND monorail=yes, public_transport=station AND light_rail=yes, public_transport=platform AND light_rail=yes, public_transport=platform AND aerialway=yes, public_transport=platform AND subway=yes, public_transport=platform AND monorail=yes",,
378,Ferry|Ferry terminal|ferry stopping location|ferry platform|ferry dock|public water transit|public water transport|marine terminal|ferry port|ferry arrival|ferry departure,,core,"amenity=ferry_terminal, public_transport=station AND ferry=yes, public_transport=stop_position AND ferry=yes, public_transport=platform AND ferry=yes",,
379,spike strip|wicket gate|sally port|stile|bump gate|wire gate|kissing gate|mororcycle barrier|noise barrier|drive through gate|guard rail|safety rail|railing|safety barrier|crash railing|protective fence|road barrier|security rail|traffic barrier,,core,"barrier=yes, barrier=fence AND fence_type=railing, barrier=wall AND wall=noise_barrier, barrier=guard_rail, barrier=cable_barrier",,
380,"Public Prosecutor's Office|attorney general, district attorney",,core,office=government AND government=prosecutor,,
381,Notary Office|Notarial Law Office,,core,office=lawyer AND lawyer=notary,,
382,Liaison Office|diplomatic mission,area,core,office=diplomatic AND diplomatic=liaison,,
383,Consulate|consular post,area,core,office=diplomatic AND diplomatic=consulate,,
384,Embassy|foreign mission,area,core,"office=diplomatic AND diplomatic=embassy, amenity=embassy",,
385,wintersports|sleigh trail|sled run|ski trail|ski touring trail|ice skating trail|ice skating ring|snowshoeing|winter hiking trail|cross-country ski trail|snowsport trail|piste|downhill ski run|snowsports half pipe|snow park|ski jump,,core,"piste:type=sleigh, piste:type=sled,piste:type=skitour, piste:type=ice_skate, piste:type=hike, piste:type=nordic, piste:type=downhill, piste:type=downhill AND man_made=piste:halfpipe, piste:type=snow_park, piste:type=ski_jump",,
386,Tourism map|public map|visitor center|public guidepost|trail marker|public information terminal|information terminal|public information board,,core,tourism=information AND information=***any***,,
387,Art Gallery|Exhibition Space|Visual Arts Gallery,,core,tourism=gallery,,
388,public artwork|artwork|bust|statue|sculpture|art installation,,core,"tourism=artwork, tourism=artwork AND artwork_type=bust, tourism=artwork AND artwork_type=statue, tourism=artwork AND artwork_type=sculpture, tourism=artwork AND artwork_type=installation",,
389,graffiti|mural|Street Art|Urban Mural|Public Mural|Graffiti Art|Wall Painting,,core,"tourism=artwork AND artwork_type=graffiti, tourism=artwork AND artwork_type=mural",,
390,wetland|Bog|Swamp|String Bog|Coastal Salt Marsh|Fen|reed bed|mangrove|marsh|wet meadow|tidal flat,,core,"natural=wetland, wetland=***any***",,
391,Oxbow Lake|U-shaped lake,area,core,water=oxbow,,
392,Dovecote|Dove house|Pigeonhole|Pigeon house|doocot|Dovecot|birdhouse,,core,man_made=dovecote,,
393,Cross|wayside cross|Wayside Cross|Memorial Cross|Stone Cross|Pilgrimage Cross,,core,"man_made=cross, historic=wayside_cross",,
394,Embankment|Raised Earth Slope|Engineered Bank|Road Embankment|Railway Embankment|Levee|Dyke|Dike|Floodbank|Stopbank|floodwall|earth bank|Soil Slope|Natural Embankment,,core,"man_made=embankment, embankment=yes, man_made=dyke, natural=earth_bank",,
395,Satellite Dish|parabolic dish|satellite communication dish|Satellite Receiver|Parabolic Antenna|Dish Antenna,,core,man_made=satellite_dish,,
396,Compass Rose|rose of the winds|public compass|Navigational Compass,,core,man_made=compass_rose,,
397,Flagpole|flag|Flag Staff|Banner Pole|Public Flagpost,,core,man_made=flagpole,,
398,Beehive|beekeeper|honey farm|Apiary Hive|Man-Made Hive|Beekeeping Box|Honeybee Hive|Hive Structure,,core,man_made=beehive,,
399,Street Cabinet|cable TV cabinet|telecommunications cabinet|technical box|telecom exchange|Telecom Cabinet|Communications Box,,core,"man_made=street_cabinet, telecom=exchange",,
400,Digital Screen|video wall|public screen|led wall|Digital Display Wall|Outdoor Video Screen,,core,man_made=video_wall,,
401,Tunnel Area|Tunnel|Underground passgae|underpass|Subsurface Tunnel|Roadway Tunnel|Transit Tunnel,area,core,man_made=tunnel,,
402,Pagoda|buddhist tower|tiered tower|stupa|chedi|dagaba|zedi,,core,"man_made=tower AND tower:type=pagoda, man_made=tower AND tower:type=stupa",,
403,Bell Tower|belfry|bell gable|campanile|klockstapel,,core,man_made=tower AND tower:type=bell_tower,,
404,Cosmetics Store|make up shop|make-up shop,,core,shop=cosmetics,,
405,Seafood Shop|fish shop,,core,shop=seafood,,
406,Furniture Store|interior shop|home decor store,,core,shop=furniture,,
407,Tailor Shop|Suit Maker|tailoring shop|suit tailor|sartorial shop,,core,shop=tailor,,
408,entrance|exit|entry|access point|building access,,core,building=entrance,,
409,Yurt|Ger|nomadic tent|portable dwelling,,core,building=ger,,
410,Boathouse|boat shed|dock house|boat garage|lakeside cabin,,core,building=boathouse,,
411,Slaughterhouse|abattoir|butchery|killing house,,core,industrial=slaughterhouse,,
412,Scrap Yard|junk yard|junk shop|scrap heap|wreck yard,area,core,industrial=scrap_yard,,
413,Fire Pit|bonfire|campfire|fire place,,core,leisure=firepit,,
414,trampoline park|bounce park|jump park|aerial play zone,area,core,leisure=trampoline_park,,
415,chess|chess table|public chess board|public chess|chess game,,core,"leisure=picnic_table AND sport=chess, sport=chess",,
416,resort|sanatorium|vacation resort,area,core,leisure=resort,,
417,public fitness|public exercise|outdoor fitness|outdoor exercise,area,core,leisure=fitness_station,,
418,padel court|padel|padel arena|padel pitch,area,core,sport=padel,,
419,boules|bocce court|pétanque|pétangue|petanque|bocce|jeu de boules,area,core,sport=boules,,
420,skate park|bmx|skateboarding|skatepark,area,core,sport=skateboard,,
421,rugby league field|rugby union field|rugby field,area,core,"sport=rugby_league, sport=rugby_union",,
422,australian football field|AFL,area,core,sport=australian_football,,
423,four square court|4square|4 square,area,core,sport=four_square,,
424,ping pong table|table tennis,area,core,sport=table_tennis,,
425,cricket field|cricket court,area,core,sport=cricket,,
426,team handball court|handball field,area,core,"sport=handball, sport=american_handball",,
427,hammer throw ring|hammer throw arena,area,core,sport=athletics AND athletics=hammer_throw,,
428,shot put ring|shot put pit,area,core,sport=athletics AND athletics=shot_put,,
429,Paintball Arena|Paintball Field|Paintball Course,area,core,sport=paintball,,
430,funnel ball court|Funnel Ball Game|Funnel Hoop Play Area ,area,core,sport=funnel_ball,,
431,Softball Field|Softball Diamond|Softball Pitch,area,core,sport=softball,,
432,american football field|Gridiron Field|American Football Pitch,area,core,sport=american_football,,
433,archery range|bow and arrow court|crossbow field|bow shooting|Bow and Arrow Field,area,core,sport=archery,,
434,Netball Court|Netball Pitch|Team Netball Field,area,core,sport=netball,,
435,swingball place|Tetherball Pole|Tetherball Court,area,core,sport=tetherball,,
436,field hockey|Field Hockey Pitch|Hockey Turf|Field Hockey Ground | hockeyfield,area,core,sport=field_hockey,,
437,Shuffleboard Court|Shuffle Lane ,area,core,sport=shuffleboard,,
438,gaga pit|Gaga Ball Court|Dodgeball Pit | gaga ball,area,core,sport=gaga,,
439,Badminton Court|Shuttlecock Court|Badminton Arena ,area,core,sport=badminton,,
440,Volleyball Court|Beach Volleyball Court|Volleyball Arena|beach volleyball court|beach volleyball field | volleyball arena,area,core,"sport=volleyball, sport=beachvolleyball",,
441,Pickleball Court|Pickleball Arena|Paddle Court,area,core,sport=pickleball,,
442,yoga|yoga studio|asanas|meditation center|meditation studio,,core,sport=yoga,,
443,climbing gym|climbing center|boulder center|bouldering|rock climbing|rock gym|climbing wall|boulder gym,,core,"sport=climbing, climbing=boulder, climbing:boulder=yes",,
444,adventure park|obstacle course|rope climbing,area,core,sport=climbing_adventure,,
445,community garden|co-op garden|collective garden|communal garden ,area,core,leisure=garden AND garden:type=community,,
446,botanical garden|rare plants|botanic garden | botanica | florarium,area,core,leisure=garden AND garden:type=botanical,,
447,residential garden|back garden|back yard|domestic garden|front garden|front yard|private garden,area,core,leisure=garden AND garden:type=residential,,
448,traffic calming|speed bump|speed hump|speed table|traffic island|speed cushion|traffic choker|traffic rumble strip|chicane|traffic chicane,,core,"traffic_calming=***any***, area:highway=traffic_island, footway=traffic_island, cycleway=traffic_island, crossing:island=yes",,
449,smoking area|smokers' area,area,core,amenity=smoking_area,,
450,dojo|martial arts studio|dojang,,core,amenity=dojo,,
451,coworking space|coworking place|coworking office | workinton,,core,amenity=coworking_space,,
452,permanent polling place|ballot box|ballot drop|polling place|voting booth|voting machine|polling station,,core,amenity=polling_station,,
453,shisha lounge|hookah lounge|waterpipe|nargile,,core,amenity=hookah_lounge,,
454,Electronics Recycling Point|E-Waste Collection Site|Electrical Items Drop-off|Tech Recycling Bin,,core,amenity=recycling AND recycling:electrical_items=yes,,
455,green waste|biodegradable waste|biological waste|compost,,core,amenity=recycling AND recycling:green_waste=yes,,
456,abortion clinic | parenthood center | family planning clinic | pregnancy termination clinic | women's health clinic | gynecologist,area,core,"healthcare:speciality=abortion, healthcare:speciality=fertility, healthcare:speciality=gynaecology",,
457,transit shelter|public transport shelter | passenger shelter | sheltered bus stop,,core,amenity=shelter AND shelter_type=public_transport,,
458,nightclub|dance club|dancing|disco|discotheque|night club,area,core,amenity=nightclub,,
459,place of worship|house of god|house of worship | holy space | sipirtual sanctuary,area,core,"amenity=place_of_worship, building=cathedral, building=chapel, building=church, building=mosque, building=shrine, building=synagogue, building=temple",,
460,religion,,prop,religion=***example***,,
461,denomination,,prop,denomination=***example***,,
462,Sikh Temple|Gurdwara|Gurdwara Sahib|Sikh prayer hall | Guru's house | House of Guru,area,core,amenity=place_of_worship AND religion=sikh,,
463,Shinto Shrine|jinja|kami shrine|shinto temple | Kami sanctuary | Shinto spiritual center,area,core,amenity=place_of_worship AND religion=shinto,,
464,Jewish Synagogue|synagogue|shul|jewish temple|jewish house of worship,area,core,"amenity=place_of_worship AND religion=jewish, building=synagogue",,
465,Taoist Temple|dao guan|Tao guan|daoist temple,area,core,amenity=place_of_worship AND religion=taoist,,
466,Mosque|masjid|jami|masjid jami|islamic prayer hall|musalla,area,core,"amenity=place_of_worship AND religion=muslim, building=mosque",,
467,Minarete|alminar|mosque tower|adhan tower|muezzin tower,area,core,man_made=tower AND tower:type=minaret,,
468,Buddhist Temple|Vihara|Wat|Gompa|Lamasery|Zen Temple|Buddhist Shrine|dharma hall|Buddhist monastery|Ashram|Sangharam|Sankaram,area,core,"amenity=place_of_worship  AND religion=buddhist, building=temple AND religion=buddhist",,
469,Hindu Temple|Hindu shrine|Shiva Temple|Vishnu temple|Krishna mandir|Mandir|Devalaya|Kali Temple|Dravidian Temple,area,core,"amenity=place_of_worship AND religion=hindu, building=temple AND religion=hindu",,
470,Kingdom Hall of Jehovah's Witnesses,area,core,amenity=place_of_worship AND religion=christian AND denomination=jehovahs_witness,,
471,La Luz del Mundo Temple,area,core,"amenity=place_of_worship AND religion=christian AND denomination=la_luz_del_mundo, building=temple AND religion=christian AND denomination=la_luz_del_mundo",,
472,Quaker Friends Meeting House|Quaker Worship Place|Quaker House,area,core,amenity=place_of_worship AND religion=christian AND denomination=quaker,,
473,manhole|maintenance hole|utility hole|access hole|service access point|sewer access hole|access hatch|Underground Access Point| Utility Access Cover,,core,manhole=***any***,,
474,water tank|cistern|water tower|water silo|rooftop water tank|water storage tank|Water Storage Tower|Water Tower|Elevated Water Tank,,core,"man_made=storage_tank AND content=water, man_made=water_tower, building=water_tower, emergency=water_tank",,
475,communication antenna|cell phone tower|mobile phone mast|radio broadcast mast|radio tower|transmission tower|tv mast|tv tower|communication tower|cell tower|Antenna|mast|Transmission Mast|Broadcast Tower|Radio Mast|Antenna Mast|Communication Mast|radio telescope|ground station|radio dish|radio antenna|airmark beacon|communications tower,,core,"man_made=communications_tower, man_made=mast, man_made=tower AND tower:type=communication, man_made=antenna, telescope:type=radio, man_made=telescope, telescope:type=radio, airmark=beacon",,
476,optical telescope|refracting telescope|reflecting telescope,,core,"man_made=telescope, telescope:type=optical",,
477,crane|gantry crane|portal crane|overhead crane|gantry,,core,"man_made=crane AND crane:type=***any***, man_made=gantry",,
478,postal relay box|post relay box|delivery route box|mail storage box|relay mailbox|mail chache box|mail relay box,,core,man_made=street_cabinet AND street_cabinet=postal_service,,
479,traffic monitoring cabinet|traffic count|traffic count box|vehicle counting,,core,man_made=street_cabinet AND street_cabinet=traffic_monitoring,,
480,first aid kit|med kit|medkit|emergency kit|health kit|medical kit|first aid box|first aid pack,,core,emergency=first_aid_kit,,
481,lifeboat|marine rescue|boat rescue|lifeboat station,,core,emergency=water_rescue,,
482,wi-fi hotspot|wi-fi|public wifi|internet hotspot|wi-fi zone|wifi hotspot,,prop,internet_access=wlan,,
483,Courtyard|yard|atrium|backyard,area,core,man_made=courtyard,,
484,Torii|japanese gate|Shinto gate,,core,man_made=torii,,
485,Obelisk|standing stone|triumphale stele|monumental pillar|stone monolith,,core,man_made=obelisk,,
486,Wind Turbine|aerorotor|wind generator|wind power unit|wind rotor,,core,"power=generator AND generator:source=wind, generator:method=wind_turbine, plant:method=wind_turbine, generator:type=wind_turbine",,
487,windmill|wind pump|wind pump|aero engine,,core,"man_made=windmill, man_made=windpump",,
488,Nuclear Reactor|nuclear power reactor | nuclear energy reactor|nuclear unit|nuclear facility|atomic reactor|fission reactor,,core,"power=generator AND generator:source=nuclear, power=generator AND generator:method=fission",,
489,Water Turbine|water dam|hydroelectricity,,core,power=generator AND generator:source=hydro,,
490,Solar Panel|photovoltaic|PV|sunlight energy|solar power plant|solar energy plant,,core,"power=generator AND generator:method=photovoltaic, power=plant AND plant:source=solar",,
491,Wind Farm|offshore wind|wind park|wind power plant|wind energy plant,,core,power=plant AND plant:source=wind,,
492,Waste Incineration Power Plant|garbage incinerator,,core,power=plant AND plant:source=waste,,
493,Coal-Fired Power Plant|coal fired energy plant,area,core,power=plant AND plant:source=coal,,
494,Nuclear Power Plant|atomic power plant|nuclear energy plant,area,core,power=plant AND plant:source=nuclear,,
495,Cooling Tower|cooling structure|condenser tower,,core,man_made=tower AND tower:type=cooling,,
496,Hydroelectric Power Station|water power plant|tidal power plant|hydro power plant,area,core,power=plant AND plant:source=hydro,,
497,Oil-Fired Power Plant|oil power station,area,core,power=plant AND plant:source=oil,,
498,Gas-Fired Power Plant|gas power station,area,core,power=plant AND plant:source=gas,,
499,Parking Ticket Vending Machine|parking ticket|parking meter|parking fee machine|pay-and-display machine,,core,amenity=vending_machine AND vending=parking_tickets,,
500,Cycling track|running track|athletics track,,core,"leisure=track AND sport=cycling, leisure=track AND sport=running, leisure=track AND sport=athletics, sport=athletics",,
501,Horse Racetrack|equestrian race track|horse racing,area,core,sport=horse_racing,,
502,Advertising Totem|Poster Box|Billboard|Notice Board|advertising board|advertising column|advertising screen|advertising sign|advertising tarp,,core,advertising=***any***,,
503,Destination Sign|destination board|route sign|transit sign|route display|headsign,,core,street_sign=destination_sign,,
504,Hiking route|walking route|outdoor sports|bicycle route,area,core,"route=hiking, route=bicyle, route=walking",,
505,public transport routes|bus route|tram route|metro route|bus line|tram line|metro line|transit route|public transit line,area,core,"route=bus, route= train, route= ferry, route=tram, route= trolleybus, route=subway",,
506,Garden Center|flower store|gardening store|flower boutique|plant store|garden shop|Florist|Flower Shop|Floral Boutique,area,core,"shop=garden_centre, shop=flowers, shop=florist",,
507,Computer Store|computer shop|computer retail outlet|laptop store|computer hardware shop|PC store,,core,shop=computer,,
508,rental shop|rental store|gear rental|hire shop|leasing shop,,core,shop=rental,,
509,Chocolate Store|candy store|candy shop|chocolatier,,core,shop=rental,,
510,Outdoor store|outdoor gear shop|outdoor equipment store|camping store|hiking gear shop|outdoor outfitter,,core,shop=outdoor,,
511,Funeral Home|morgue|crematorium|mortuary,,core,"shop=funeral_directors, amenity=mortuary",,
512,Storage Rental|self-storage|warehouse rental,,core,shop=storage_rental,,
513,Erotic Store | sex shop|adult store|adult shop|love shop|adult toy store|erotic boutique,,core,"shop=erotic, shop=sex",,
514,Motorcycle Repair Shop||motorcycle garage|motorbike workshop|motorbike mechanic|motorbike workshop,,core,shop=motorcycle_repair,,
515,Butcher|meat carver|meat vendor|Butcher Shop|Meat Market|Fresh Meat Store|Meat Counter,,core,shop=butcher,,
516,Arts & Crafts Store|hobby shop|craft shop|craft store|Handicraft Shop,,core,shop=craft,,
517,Furnishing Store|carpet store|mattress specialist|curtain shop|mattress store|luggage shop|Home Interiors Store|Bedding & Bath Store|Carpet Shop|Curtain Store,,core,"shop=bathroom_furnishing, shop=carpet, shop=curtains, shop=bed, shop=luggage",,
518,house number|building number|unit number|dwelling number|property number,,prop,addr:housenumber~***example***,,
519,roof material|roof sheeting|roofing material|roofing|roof surfacing,,prop,roof:material=***example***,,
520,elevator|lift|hoist|Elevator Present|Lift Available|Building Has Elevator|Accessible by Lift|Elevator Access,,prop,elevator=yes,,
521,pet shop|animal shop|animal care shop|pet store,,core,"shop=pet, shop=pet_grooming",,
522,stadium|stadion|pitch|sports centre|sport pitch|(sport) field,,core,"leisure=stadium, leisure=pitch, building=stadium, stadium=football, stadium=soccer, leisure=sports_centre",,
523,sport|Sport Type|Sport Played Here|Sports Category,,prop,sport=***example***,,
524,building|a building|some kind of building|Facility ,,core,building=***any***,,
525,(building) colour|(wall) color|painting color|color|colour|hue|shade|tint|Exterior Colour|Primary Surface Color|primary colour,,prop,"building:colour=***example***, colour=***example***, building:colour=***example***, roof:colour=***example***",,
526,roof color|roof colour|roofing color|roofing colour|rooftop shade|Rooftop Hue,,prop,roof:colour=***example***,,
527,vegan|vegan diet|plant-based|Vegan-Friendly|Vegan Options Available|Offers Vegan Choices|Accommodates Vegan Diets|Plant-Based Options|Vegan-Only|Fully Vegan|100% Plant-Based ,,prop,"diet:vegan=yes, diet:vegan=only",,
528,vegetarian|vegetarian diet|meat-free|veggie|Vegetarian-Friendly|Vegetarian Options Available|Offers Meat-Free Dishes|Vegetarian-Only|Fully Vegetarian|100% Meat-Free,,prop,"diet:vegetarian=yes, diet:vegetarian=only",,
529,halal|halal diet|halal food|halal-certified|Halal-Friendly|Halal Options Available|Halal-Compliant Choices|Halal-Only|Fully Halal|100% Halal-Compliant,,prop,"diet:halal=yes, diet:halal=only",,
530,kosher|kosher diet|kosher-certified|kosher food|Kosher-Friendly|Kosher Options Available|Kosher-Compliant Meals|osher-Only|Fully Kosher|100% Kosher-Compliant,,prop,"diet:kosher=yes, diet:kosher=only",,
531,shape|Geometric Form|Object Outline|Contour Type|Structural Shape,,prop,shape=***example***,,
532,Shooting Range|Firing Range |Gun Range|Weapons Training Ground|Target Range|Shooting Ground|shooting gallery|gun practice arena|shooting practice|target practice|target shooting range,,core,"leisure=shooting_ground, sport=shooting, military=range",,
533,crop|crop type|type of crop,,prop,crop=***example***,,
