index,descriptors,type,tags,combinations
0.0,cable car|cable way | aerial tramway,core,"aerialway=cable_car, aerialway=gondola, aerialway=mixed_lift, aerialway=station, aerialway=pylon",428
1.0,ski tow|ski lift|rope tow|chair lift,core,"aerialway=chair_lift, aerialway=drag_lift, aerialway=station, aerialway=goods, aerialway=pylon",428
2.0,airport|airfield|air base|airplane parking|flight strip|boarding|tarmac|terminal|runway|aerodrome|airdrome|landing field|landing strip|airplane garage,core,"aeroway=aerodrome, aeroway=aircraft_crossing, aeroway=apron, aeroway=gate, aeroway=hangar, aeroway=runway, aeroway=taxiway, aeroway=terminal, military=airfield, aeroway=parking_position, aeroway=holding_position",428
3.0,helipad|heliport|helicopter landing area|helicopter parking | helideck | helicopter landing pad | helistop,core,"aeroway=helipad, aeroway=heliport",428
4.0,air tower|Aviation control tower|Air traffic control tower|ATCT|Control tower|navigationaid|Air traffic control center |ATCC|Flight tower|Air traffic management (ATM) tower|Air traffic control facility (ATCF)|Air traffic control station (ATCS)|Air traffic control unit (ATCU),core,aeroway=navigationaid,
5.0,spaceport|airport for spacecrafts|spacecraft drome|cosmodrome|astro station|space airport|space dock|launching base,core,aeroway=spaceport,
6.0,Wind meter|Air-sleeve|Wind vane|windsock|Wind flag|Weathercock|Air sock|Wind cone|Drogue|Wind sleeve|Wind direction indicator,core,aeroway=windsock,
7.0,pub|bar|biergarten|beergarden|saloon|tavern|beer garden|watering hole|Inn|cocktail lounge|lounge|wine bar,core,"amenity=bar, amentiy=pub, amenity=biergarten",427|428
8.0,outdoor seating|al fresco,core,leisure=outdoor_seating,428
9.0,cafe|coffeehouse|coffee shop|bistro|tearoom|lunchroom|coffee bar,core,"amenity=cafe, shop=coffee, cuisine=coffee_shop",9|11|428|427|144|213|571
10.0,ice cream parlor|frozen yoghurt|ice cream shop|ice cream store|ice cream parlour|confectionery,core,"amenity=ice_cream, shop=ice_cream",9|428|427|12
11.0,eatery|eating area|restaurant|diner|food counter|canteen|grill|eating place|fast food|snackbar,core,"amenity=restaurant, amenity=food_court, amenity=fast_food",105|9|427|12|428|144|145|146|213|571
12.0,cuisine,attr,cuisine=***any***,
13.0,library|games exchange|public library|media center|archive|book room|study,core,"amenity=library, amenity=toy_library",427|428|144|146|117|58|571
14.0,research institute|research facility|scientific research institute|academic institute|center for research|think tank,core,amenity=research_institute,
15.0,school|highschool|elementary school|school building|language school|music school|learning center|preparatory school|prep school,core,"amenity=school, amenity=language_school, amenity=music_school, building=school, amenity=prep_school",512|513|514|515|388|389|390|516|517|518|394|395|396|397|519|520|144|17|146|145|523|524|525|526|527|528|529|545|546|547|548|549|550|551|552|554|555|556|557|558|427|428|443|444|445|446|447|448|449|521|522|69|15|592|593|503|250|508|497|242|244|500|501|502|504|505|506|507|252|509|510|511
16.0,Driving school|driver training,,"amenity=driving_school, amenity=driver_training",
17.0,higher education|campus|university|academy|college,core,"amenity=university, amenity=college, building=university",427|428|144|145|17|146|118
18.0,bicycle parking area|bicycle parking spots|Bicycle parking|bike parking|cycle park|cycle stand|bicycle compound|bicycle rack|bike rack|bicycle garage|bicycle shed|bicycle parking garage,core,"amenity=bicycle_parking, amenity=bicycle_rental",427|428
19.0,bicycle repair station|bike repair facility|bike repair shop | bicycle repair shop|bike service center|bicycle service center,core,amenity=bicycle_repair_station,428
20.0,boat rental|watercraft rental|boat charter|boat hire|canoe rental|kayak rental|yacht rental|sailing boat rental,core,"amenity=boat_rental, amenity=boat_sharing",
21.0,car rental|car sharing parking lot|Car sharing spots|car sharing place | hire car|car pool|car pooling station,core,"amenity=car_rental, amenity=car_sharing, amenity=car_pooling",427|428
22.0,car wash| auto wash| washing facility|carvac|car vacuum cleaner,core,"amenity=car_wash, amenity=vacuum_cleaner",427|428|141|144|213
23.0,charging station|charging facility | charging dock | charging base,core,amenity=charging_station,427|428
24.0,gas station|petrol station|fuel|marine fuel|service station| gasoline station | filling station| fuel station,core,"amenity=fuel, highway=services",428
25.0,salt bin|ice bin|winter bin|grit bin|sand bin| grit box,core,amenity=grit_bin,
26.0,parking spaces|parking spots|parking|parking area|Parking lots|parking zone|parking aisle|street side parking| parking space| parking spot| parking slot| parking place| parking stall|accessible parking space,core,"amenity=parking, amenity=parking, amenity=motorcycle_parking, amenity=parking_space, highway=service AND service=parking_aisle, parking=***ANY***, amenity=parking_space AND parking_space=disabled",27|428
27.0,parking complex|multi-story parking facility|parking entrance|parking garage|car park|Multi-storey car park|underground parking garage,core,"amenity=parking_entrance, parking=underground, parking=multi-storey, building=parking",427|428|144|146|26|27
28.0,taxi stand|taxi|cab station|taxi bay| cab|taxicab|Motor Rickshaw,core,"amenity=taxi, taxi_vehicle=auto_rickshaw, taxi_vehicle=motorcycle",427|428
29.0,atm|bancomat|cash point | cash machine| cash dispenser| bank machine,core,"amenity=atm, amenity=payment_terminal",428
30.0,cambio|bank| savings| financial institution,core,"amenity=bank, amenity=bureau_de_change",427|428
31.0,health centre|medical facility|clinic|medical center|polyclinic|healthcare facility|outpatient care,core,"amenity=clinic, healthcare=yes",427|428|541
32.0,dentist|dental practice|dental clinic|endodontist|tooth doctor|orthodontist|dental surgeon|dental care centre,core,amenity=dentist,144|427|428|541
33.0,doctor|doctor practice|gp|general practitioner|medical practitioner|Physician|surgeo|Specialist|medic|doc|health professional|MD|medical doctor,core,amenity=doctors,144|427|428|541
34.0,hospital|hospital building|emergency room|healthcare center|health institution|medical institution|medical centre,core,"amenity=hospital, building=hospital",34|427|428|144|145|146|541|31
35.0,nursing home|elderly home|convalescent home|convalescent hospital|retirement home|elder care facility|old folks home|old peoples home|assisted living facility|rest home,core,"amenity=nursing_home, social_facility=nursing_home, social_facility:for=senior, social_facility=group_home, social_facility=assisted_living, social_facility=ambulatory_care",35|37|427|428|144
36.0,pharmacy|drugstore|apothecary|dispensary|chemist|pharmaceutical shop|medicine store|prescription drug store,core,"amenity=pharmacy, shop=chemist, shop=drugstore",36|427|428|144|213
37.0,homeless shelter|social facility|social services|social amenities|social care location|community institution|social welfare|food bank|soup kitchen ,core,"amenity=social_facility, social_facility=shelter, social_facility:for=homeless, social_facility=food_bank",35|102|427|428|144|146
38.0,veterinary|vet|veterinarian|animal doctor|horse doctor|veterinary surgeon,core,amenity=veterinary,144|427|428
39.0,brothel|whorehouse|bordello|cathouse|den of iniquity|house of prostitution|bagnio,core,"amenity=brothel, amenity=night_club, amenity=love_hotel, amenity=stripclub, amenity=swingerclub",
40.0,casino|gambling establishment|gambling club|betting house|gambling|gambling den,core,"amenity=casino, amenity=gambling",
41.0,cinema|movie theater|movie house|cineplex|picture palace|bioscope|the pictures|the movies|film house|drive-in|nickelodeon,core,amenity=cinema,427|428
42.0,community centre|rec center|recreation center|community hall|activity center|neighborhood center|cultural center|civic centre,core,"amenity=community_centre, amenity=social_centre",427|428
43.0,youth center|youth centre|youth club,core/attr,amenity=community_centre AND community_centre=youth_centre,
44.0,conference centre|convention center|meeting venue|conference facility|symposium center|exhibition center|trade fair|trade fair center|congress center,core,"amenity=conference_centre, amenity=exhibition_centre, amenity=events_venue",427|428|143
45.0,fountain|spring|fount|jet|spray|well|cascade|water well|water pump|water source|water faucet|water spigot,core,"amenity=fountain, man_made=water_well, man_made=water_tap",65|428|61
46.0,music venue|music hall|amphitheater|concert hallstage|auditorium,core,amenity=music_venue,
47.0,planetarium|astronomy center|celestial theater,core,amenity=planetarium,
48.0,public bookcase|book repository|bookshelf|book cabinet|book display,core,amenity=public_bookcase,428
49.0,TV studio|radio studio|recording studio|production studio|sound studio|music studio|audio lab|broadcasting studio|news studio|film studio,core,amenity=studio,427|428
50.0,theatre|theatre house|opera|opera house|theater|arts center|performing arts center|playhouse,core,"amenity=theatre, amenity=arts_centre",144|427|428
51.0,courthouse|court of law|court|tribunal|justice building|courtroom|judicial center|legal center,core,amenity=courthouse,144|58|427|428
52.0,fire station|fire brigade station|firehouse|fire department|fire brigade,core,"amenity=fire_station, building=fire_station",144|428|427|52
53.0,police station|police headquarters|cop shop|law enforcement center|police post|police precinct|station house,core,amenity=police,144|58|427|428
54.0,post box|letter box|mailbox|maildrop|pillar box,core,"amenity=post_box, amenity=letter_box",427|428
55.0,post office|general post office|postal service|postal station|post office box,core,"amenity=post_office, amenity=mailroom, amenity=post_depot, amenity=parcel_locker",427|428
56.0,prison|jail|penitentiary|lockup|brig|slammer|bastille|penitentiary institution|correctional facility|detention center,core,amenity=prison,450|427|428|86
57.0,ranger station|National Park visitor headquarters|park visitor facility|forestry station|national park visitor center|national park information center,core,amenity=ranger_station,
58.0,townhall|cityhall|town house|city government|municipal center,core,"amenity=townhall, building=public, amenity=townhall AND townhall:type=city",512|513|514|515|388|389|390|516|517|518|394|395|396|13|397|519|144|145|521|522|523|524|525|526|527|409|529|146|42|43|427|428|51|52|53|55|520|58|443|444|445|446|447|448|449|318|451|117|592|593|528|503|250|508|497|242|244|500|501|502|504|505|506|507|252|509|510|511
59.0,barbeque|barbie|public bbq|bbq|public grill|public outdoor grill|public outdoor coocking station|outdoor barbeque|cookout,core,amenity=bbq,410|428
60.0,bench|public bench|park bench|outdoor bench|street bench|public seating,core,amenity=bench,146|24|26|410|412|428|173|174|175|176|177|178|179|180|181|182|183|184|185|444|189|190|191|192|193|194|195|196|197|198|199|200|201|202|203|95|445|497|431|432
61.0,drinking fountain|bubbler|water fountain|public fountain,core,amenity=drinking_water,427|428|45
62.0,shower|public shower|communal shower|open shower|shower room,core,amenity=shower,428
63.0,public telephone|telephone| phone booth|coin phone|pay phone|public telephone booth|public phone,core,amenity=telephone,571|428|427|148
64.0,public toilet|toilet building|public bathroom|lavatory|restroom|toilet facility|washroom,core,"amenity=toilets, building=toilets",64|145|427|144
65.0,water point|tapping point|source of water|water connection,core,"amenity=water_point, amenity=watering_place",294|428|463|464|465|466|467
66.0,recycling facility|recycling center|waste management station|resource recovery center|garbage disposal facility|waste treatment center|recycling plant,core,"amenity=recycling, amenity=sanitary_dump_station, amenity=waste_transfer_station, amenity=waste_transfer_station",450|427|428|82|216
67.0,waste basket|garbage deposit|trash bin|public bin|public trash can|litter basket|garbage pail,core,amenity=waste_basket,24|26|428|173|174|175|176|177|178|179|180|181|182|183|184|185|444|189|190|191|192|193|194|195|196|197|198|199|200|201|202|203|95|445|431|432
68.0,animal shelter|anaimal rescue center|animal refuge|pet adoption center|animal care center,core,"amenity=animal_shelter, amenity=animal_boarding, amenity=animal_breeding, amenity=animal_training",
69.0,childcare center|daycare center|daycare|nursery|preschool|kindergarten|crèche|infant school|childcare facility,core,"amenity=childcare, amenity=kindergarten, building=kindergarten",69|427|428|144|145|146
70.0,clock|public clock| time| metronome| calendar| timer,core,amenity=clock,428
71.0,dive centre| scuba center| diving center| dive school| dive club| dive shop,core,amenity=dive_centre,
72.0,cemetery|burial ground| catacomb| memorial park| tomb|grave yard|mausoleum,core,"amenity=grave_yard, amenity=crematorium, amenity=funeral_hall, amenity=place_of_mourning, landuse=cemetery, historic=tomb, cemetery=***ANY***",545|546|547|548|549|550|551|552|554|555|556|557|558|428
73.0,hunting stand| shooting house,core,amenity=hunting_stand,146|428
74.0,internet cafe| cyber cafe| internet bar| web cafe| cybercenter| online cafe| internet shop,core,amenity=internet_cafe,427|428
75.0,marketplace| bazaar| trading center,core,amenity=marketplace,144|427|428|213
76.0,cloister|presbytery|monastery|abbey|clergy house|home for priests,core,"amenity=monastery, building=monastery, historic=monastery, building=presbytery",
77.0,Levee|Dyke|Dike|Floodbank|Stopbank,core,man_made=dyke,24|26|428|173|174|175|176|177|178|179|180|181|182|183|184|185|444|189|190|191|192|193|194|195|196|197|198|199|200|201|202|203|95|445|431|432
78.0,public bath|onsen|hot spring|bathhouse| spa| sauna| baths,core,"amenity=public_bath, natural=hot_spring, leisure=sauna",144|427|428
79.0,refugee site| refugee camp| refugee center| refugee settlement| refugee shelter| displaced persons camp,core,amenity=refugee_site,
80.0,vending machine| automat| dispenser| coin machine,core,amenity=vending_machine,427|428
81.0,city wall| town wall| bounday wall| rampart,core,"barrier=city_wall, historic=citywalls",81|450|428|86
82.0,fence| hedge| blockade| barrier,core,barrier=fence,512|513|514|515|516|517|518|519|520|521|522|523|524|525|526|15|527|528|529|530|531|532|26|539|540|27|545|546|34|547|548|549|550|551|552|554|555|556|557|558|576|66|581|582|583|584|585|72|587|588|589|69|592|593|102|146|213|214|215|216|217|219|220|221|223|227|229|233|240|242|243|244|248|249|250|252|267|272|275|286|287|335|336|388|389|390|394|395|396|397|401|411|427|428|443|444|445|446|447|448|449|497|500|501|502|503|504|505|506|507|508|509|510|511
83.0,guard rail| safety rail,core,"barrier=guard_rail, barrier=cable_barrier",146
84.0,handrail|public handrail| balustrade| rail| handle,core,barrier=handrail,
85.0,kerb stone|kerb|sidewalk edge|curb|kerb|low curb| raised curb|high curb|flushed curb|flush curb|rolled curb|gutter|curb ramp|pram ramp,core,barrier=kerb,146|530|531|532|24|26|286|428|173|174|175|432|176|177|178|179|180|181|183|182|184|185|444|189|190|191|192|193|194|195|196|197|198|199|200|201|202|203|95|445|227|233|243|431
86.0,wall,core,"barrier=wall, barrier=retaining_wall",227|233|428|146|243|530|531|532
87.0,bollard| block,core,"barrier=bollard, barrier=block, barrier=jersey_barrier",146
88.0,customs|border check|border control| border security| border patrol| border inspection| border management,core,barrier=border_control,
89.0,cattle grid| cattle guard,core,barrier=cattle_grid,
90.0,chain barrier| chain gate,core,"barrier=chain, barrier=rope",
91.0,cycle barrier| bike barrier| cycle gate,core,barrier=cycle_barrier,
92.0,gate|archway|door|portal,core,"barrier=gate, barrier=entrance",428
93.0,height restrictor| height barrier| height limiter,core,barrier=height_restrictor,
94.0,lift gate,core,"barrier=lift_gate, barrier=swing_gate",27|428
95.0,toll booth| tollgate|toll gantry| transponder toll|Toll|electronic toll|free-flow toll,core,"barrier=toll_booth, highway=toll_gantry",428
96.0,turnstile| doorway| access gate| swing gate| revolving door|full height turnstile,core,barrier=turnstile,
97.0,forest compartment| forest zone| area,core,"boundary=forest_compartment, boundary=forrest",428
98.0,hazard area|hazardous area| danger zone| danger,core,boundary=hazard,
99.0,boundary marker|border stone| landmark| boundary post,core,"boundary=marker, historic=boundary_stone",146|99|428|270
100.0,protected area|marine protection|heritage site|national park|wilderness,core,"boundary=protected_area, boundary=national_park",428|247
101.0,houseboat|riverboat|floating home,core,building=houseboat,427
102.0,residential building|apartment building|residence|tenement|block of flats|residential dwelling|condominium|flatresidential house|,core,"building=residential, building=semidetached_house, building=apartments, residential=apartments",450|427|428|144|82|214|86|217
103.0,static caravan|mobile home|trailer home|travel trailer|house trailer|caravan|trailer park|mobile home park,core,"building=static_caravan, residential=trailer_park",144|146|427|428
104.0,terrace|row house|townhouse|terraced house|cluster house|home|linked house|house|detached house,core,"building=terrace, building=house, building=detached",427|428|144|145|146|403
105.0,kiosk|convenience store|news stand|stall|convenience shop|7/11 I cigarette shop,core,"building=kiosk, shop=kiosk, shop=convenience, shop=cigarette",101|104|9|427|12|428|144|145|146|213|24|571
106.0,office building|business center|office block|corporate building|offices|business park,core,building=office,318|451|427|428|144|145|146|308|58|30
107.0,warehouse|depot|storage facility|repository|stockroom|storehouse|distribution center|logistics center,core,building=warehouse,427|428|144|145|146
108.0,cathedral|sanctuary|Basilica,core,building=cathedral,
109.0,chapel|side chapel|chantry chapel,core,building=chapel,544|545|546|547|548|549|550|551|552|554|427|556|557|558|428|144|555|114
110.0,church|minster|house of prayer,core,"building=church, historic=church",544|545|546|547|548|549|550|551|552|554|427|556|557|558|110|555|428
111.0,kingdom hall|jehovas witnesses meeting place,core,building=kingdom_hall,
112.0,mosque|masjid,core,building=mosque,544|545|546|547|548|549|550|551|552|554|427|556|557|558|428|144|145|555
113.0,religious building|religious center,core,building=religious,
114.0,shrine|wayside shrine|altar|reliquary,core,"building=shrine, historic=wayside_shrine",544|545|546|547|548|549|550|551|552|554|555|556|109|557|558|428
115.0,temple|holy place,core,building=temple,544|545|546|547|548|549|550|551|552|554|555|556|557|558|427|144|145|428
116.0,skyway|skybridge|bridge between building|overpass,core,building=bridge,
117.0,civic building,core,"building=civic, amenity=community_centre",512|513|514|515|388|389|390|516|517|518|394|395|396|397|519|520|144|521|146|522|523|524|525|526|527|528|529|545|546|547|548|549|550|551|552|554|555|556|557|558|427|428|58|571|443|444|445|446|447|448|449|117|592|593|503|508|497|242|244|500|501|502|504|505|506|507|252|509|510|511
118.0,college building,core,"building=college, amenity=university",427|428|144|17|571
119.0,barn,core,building=barn,427|428|144|145|146
120.0,conservatory,core,building=conservatory,
121.0,cow barn|cowshed,core,building=cowshed,144
122.0,farm auxiliary,core,building=farm_auxiliary,480|427|428|144|145|561|146
123.0,greenhouse,core,building=greenhouse,427|428|144|145|146|220|222
124.0,slurry|slurry tank,core,building=slurry_tank,480|561|135
125.0,stable|horse stable,core,building=stable,144|427|428
126.0,pig shed|sty,core,building=sty,144
127.0,grandstand,core,building=grandstand,428
128.0,riding hall,core,building=riding_hall,
129.0,hangar,core,building=hangar,2|427|428|144|146
130.0,hut|shed|wilderness hut,core,"building=hut, building=shed, tourism=wilderness_hut",428
131.0,carport,core,building=carport,427|144|145|146|26|27
132.0,digester|biogas production,core,building=digester,
133.0,service,core,building=service,267|144|145|146|418|427|428|434|435|566|183|567|443|446|447|336|339|340|341|342|343|344|346|347|348|349|350|476
134.0,transformer tower,core,building=transformer_tower,144|336|427|428
135.0,silo,core,"building=silo, building=storage_tank, man_made=silo, man_made=bunker_silo",135|428|144|145|146|216|124
136.0,beach hut,core,building=beach_hut,
137.0,castle|historic fort|castle wall|fort|castle tower|château|palace|fortress,core,"building=castle, historic=castle, historic=castle_wall, historic=fort, man_made=tower AND tower:type=defensive",427|428|142|144|401
138.0,building under construction,core,building=construction,427|428|144|145|146
139.0,container|living container,core,building=container,
140.0,military building,core,building=military,
141.0,pergola|canopy|free standing patio|rain shelter|pavilion,core,"building=roof, amenity=shelter, building=pavilion",144|427|428
142.0,ruins|demolished building,core,"building=ruins, demolished:building=*, historic=ruins",137|265|142|271|401|146|278|157|544|545|546|547|548|549|550|551|552|553|554|555|556|557|558|428|562|450|586|86|481|482
143.0,tent|permanent tent,core,building=tent,144|146|44
144.0,building levels|floors,attr,building:levels=***numeric***,
145.0,building material,attr,building:material=***any***,
146.0,height,attr,height=***numeric***,
147.0,ambulance station,core,emergency=ambulance_station,427|428
148.0,defibrillator,core,emergency=defibrillator,427|428|63
149.0,landing site,core,emergency=landing_site,
150.0,emergency ward entrance,core,emergency=emergency_ward_entrance,
151.0,Emergency Exit|fire exit,core,entrance=emergency,
152.0,fire service inlet,core,emergency=fire_service_inlet,
153.0,fire alarm box,core,emergency=fire_alarm_box,
154.0,fire extinguisher,core,emergency=fire_extinguisher,
155.0,fire hose,core,emergency=fire_hose,
156.0,fire hydrant,core,emergency=fire_hydrant,427|428
157.0,fire tower|observation tower|lookout tower,core,man_made=tower AND tower:type=observation,
158.0,water tank,core,emergency=water_tank,480|418|294|428|463|464|561|465|466|467
159.0,suction point,core,emergency=suction_point,428
160.0,lifeguard spot,core,emergency=lifeguard,
161.0,life ring,core,emergency=life_ring,
162.0,lifeguard tower,core,lifeguard=tower,
163.0,assembly point,core,emergency=assembly_point,427|428|15
164.0,emergency phone|emergency telephone,core,emergency=phone,427|428
165.0,siren,core,emergency=siren,560|562|259
166.0,drinking water,core,emergency=drinking_water,
167.0,moraine,core,geological=moraine,
168.0,outcrop,core,geological=outcrop,
169.0,palaeontological site,core,geological=palaeontological_site,
170.0,volcanic caldera rim|vulcano edge,core,geological=volcanic_caldera_rim,
171.0,vulcano centre|volcanic vent,core,geological=volcanic_vent,
172.0,volcanic lava field|lava,core,geological=volcanic_lava_field,
173.0,road|street|surface street|secondary road|country road|rural road|tertiary road|B-road,core,"highway=road, highway=secondary, highway=tertiary, highway=unclassified, highway=residential, highway=secondary_link, highway=tertiary_link, highway=living_street, highway=service, highway=track, area:highway=***ANY***",512|513|514|515|516|517|518|519|520|521|522|523|524|525|526|527|528|529|77|592|593|596|179|183|184|186|227|242|244|252|339|340|341|342|343|344|345|346|347|348|349|350|388|389|390|394|395|396|397|423|428|429|434|435|439|440|443|444|445|446|447|448|449|456|470|497|500|501|502|503|504|505|506|507|508|509|510|511
174.0,freeway|interstate|motorway|expressway|autobahn,core,"highway=motorway, highway=trunk, highway=primary, highway=motorway_link, highway=trunk_link, highway=primary_link, highway=motorway_junction",428
175.0,track|Track|sand track|foot trail|bridleway|unpaved road|path|bootleg trail|cow path|elephant path|pig trail|shortcut|social trail,core,"highway=path, highway=track, highway=bridleway, highway=path, highway=trailhead",428
176.0,Highway link|connecting roads|link roads|motorway link,core,"highway=motorway_link, highway=trunk_link, highway=primary_link, highway=secondary_link, highway=tertiary_link",184|428|440
177.0,emergency escape ramp|truck arrester bed|escape|Runaway truck ramp,core,highway=escape,
178.0,speedway|Raceway|raceway|racetrack,core,highway=raceway,512|513|514|515|388|389|390|516|517|518|394|395|396|397|519|520|521|522|523|524|525|526|527|528|529|428|443|444|445|446|447|448|449|592|593|503|508|497|242|244|500|501|502|504|505|506|507|252|509|510|511
179.0,sidewalk|footpath|footway|pedestrian walkway,core,"highway=footway, highway=pedestrian, footway=sidewalk, [""sidewalk""|""sidewalk:right""|""sidewalk:left""|""sidewalk:both""|""sidewalk:foot""|""sidewalk:right:foot""|""sidewalk:left:foot""|""sidewalk:both:foot""]=[""both""|""left""|""right""|""separate""|""yes""|""designated""], foot=designated, foot=official, area:highway=footway",24|26|173|174|175|176|177|178|179|180|181|182|183|184|185|444|189|190|191|192|193|194|195|196|197|198|199|200|201|202|203|95|445|431|432
180.0,Moving walkway|moving sidewalk,core/attr,highway=footway AND conveying=***ANY***,
181.0,staircase|steps|stairway|Stairs,core,"highway=steps, area:highway=steps",227|428|179|183|440|345
182.0,corridor,core,highway=corridor,428
183.0,Pedestrian crossing|refuge island|marked crosswalk|pedestrian island|zebra crossing,core/attr,"footway=crossing, footway=pedestrian, highway=crossing, railway=crossing, path=crossing, crossing=[""marked|traffic_signals|zebra|pedestrian_signals|island|toucan|pelican""], crossing:island=yes",
184.0,Bicycle lane|cycleway|cycle path|bicycle street|bicycle road|cycle crossing|bicycle crossing,core/attr,"highway=cycleway, [""cycleway:right""|""cycleway:left""|""cycleway:both""|""cycleway:""]=[""lane""|""opposite_lane""|""track""|""opposite""|""separate""|""crossing""], highway=[""cycleway""|""cyclestreet""], [""bicycle""|""cycleway:bicycle""]=[""designated""|""official""], cycleway=crossing",
185.0,bus guideway|lane|bus lane|bus street|busway|bus track,core/attr,"[""busway""|""busway:right""|""busway:left""|""busway:both""|""busway:conditional""|""busway:conditional ""]=[""lane""|""opposite_lane""|""designated""|""yes""], [""psv:lanes:forward:conditional""|""psv:lanes:backward:conditional""|""psv:lanes:conditional:conditional""|""psv:lanes:forward""|""psv:lanes:backward""|""psv:lanes:conditional""|""psv:lanes""|""psv""|""bus:lanes:forward:conditional""|""bus:lanes:backward:conditional""|""bus:lanes:conditional:conditional""|""bus:lanes:forward""|""bus:lanes:backward""|""bus:lanes:conditional""|""bus:lanes""|""bus""]=designated, highway=busway, highway=bus_guideway [""lanes:bus:forward:conditional""|""lanes:bus:backward:conditional""|""lanes:bus:conditional:conditional""|""lanes:bus:forward""|""lanes:bus:backward""|""lanes:bus:conditional""|""lanes:bus""|""lanes:psv:forward:conditional""|""lanes:psv:backward:conditional""|""lanes:psv:conditional:conditional""|""lanes:psv:forward""|""lanes:psv:backward""|""lanes:psv:conditional""|""lanes:psv""]=***numeric***, highway=[""busway""|""bus_guideway""], ",
186.0,ford,attr,ford=yes,
187.0,ice road,core,ice_road=yes,24|26|428|173|174|175|176|177|178|179|180|181|182|183|184|185|444|189|190|191|192|193|194|195|196|197|198|199|200|201|202|203|95|445|431|432
188.0,mountain pass,core,mountain_pass=yes,428
189.0,passing place,attr,highway=passing_place,
190.0,emergency bay|lay-by|Emergency bay|pull-off,core,highway=emergency_bay,
191.0,emergency access point|emergency access,core,"highway=emergency_access_point, highway=service AND service=emergency_access",457|428|60|407
192.0,give way sign|yield sign,core,highway=give_way,
193.0,highway milestone,core,highway=milestone,457|428|407
194.0,Roundabout|traffic circle|rotary,core,"highway=mini_roundabout, junction=circular|mini roundabout|junction=roundabout",
195.0,motorway junction,core,highway=motorway_junction,428
196.0,rest area|rest stop|rest zone,core,"highway=rest_area, highway=services",428
197.0,speed camera,core,highway=speed_camera,560|562|259|428
198.0,Speed Limit Sign|max speed sign|speed sign|maximum speed|radar speed sign,core,"traffic_sign=maxspeed, highway=speed_display",24|26|428|173|174|175|176|177|178|179|180|181|182|183|184|185|444|189|190|191|192|193|194|195|196|197|198|199|200|201|202|203|95|445|431|432
199.0,stop sign,core,highway=stop,
200.0,traffic sign ,core,highway=traffic_sign ,
201.0,street lamp,core,highway=street_lamp,259|67|457|428|269|560|146|562|338|407|477
202.0,traffic mirror,core,highway=traffic_mirror,
203.0,traffic signals|traffic control,core,highway=traffic_signals,428|85|183
204.0,aqueduct,core,historic=aqueduct,
205.0,archaeological site,core,historic=archaeological_site,401|450|428|86
206.0,cannon,core,historic=cannon,
207.0,city gate,core,historic=city_gate,
208.0,historic highwater mark,core,historic=highwater_mark,
209.0,historic mansion|manor,core,historic=manor,144|401|427|428
210.0,memorial|memorial site|memorial plaque|stolperstein|commemorative plaque|war memorial,core,historic=memorial,545|547|548|549|550|551|552|554|555|556|557|558|427|459|401|146|460|428
211.0,monument|historic monument,core,historic=monument,401|427|428
212.0,wreck|ship wreck,core,historic=wreck,
213.0,shopping district|commercial|shopping area|shopping street|commercial area|retail district|retail building|commercial building,core,"landuse=commercial, landuse=retail, building=retail, building=commercial, building=retail",387|7|9|11|12|144|145|146|24|30|36|427|428|571|75|213|598|351|607|352|353|609|356|485|354|355|360|105|362|363|366|367|368|369|372|377
214.0,construction site|construction area,core,"landuse=construction, landuse=brownfield, landuse=greenfield",227|428|427|286
215.0,educational district,core,landuse=education,450|69|427|428|15|82
216.0,industrial|Industrial area|factory district|manufacturing zone|industrial park|industrial building,core,"landuse=industrial, industrial=*, man_made=works, building=industrial",135|267|144|145|146|275|427|428|561|308|581|582|583|584|585|587|588|589|335|336|216|480|609|372|255
217.0,urban area|town|township|settlement|village|community|suburb|hamlet|megalopolis|residential area|dwelling|city|metropolis|municipality,core,"landuse=residential, place=[""city""|""suburb""|""town""|""village""|""isolated_dwelling""|""hamlet""], landuse=[""residential""|""commercial""|""retail""|""institutional""|""education""]",450|101|102|104|233|427|428|144|146|243|530|531|532|86|82
218.0,marine farm|Aquaculture|fishery|fish farm|aquaculture,core,"landuse=aquaculture, seamark:type=marine_farm",417|294|428|463|464|465|466|467
219.0,planter|gardens|Allotments|rosarium|allotment|plots|flower garden|Flower bed,core,"landuse=allotments, landuse=flowerbed, man_made=planter, barrier=planter, garden:style=flower_garden, garden:style=rosarium, allotment=plot",233|530|531|243|532
220.0,rural area|farming area|cultivated land|farmland|Farmland|farm|agrarian region|agricultural land|cropland|countryside,core,"landuse=farmland, landuse=farmland, landuse=orchard, landuse=farmyard, landuse=vineyard, landuse=allotments, landuse=greenhouse_horticulture, landuse=plant_nursery, building=farm, landuse=farm, place=farm",428|427|220
221.0,woodlands|woodland|grove|forest|woods,core,"landuse=forest, landuse=orchard, natural=wood, landcover=trees",221|462
222.0,greenhouse horticulture|glasshouse|Greenhouse|hothouse,core,"landuse=greenhouse_horticulture, landuse=greenhouse",123|428
223.0,fruit garden|fruit grove|orchard,core,landuse=orchard,450|227|233|428|530|82|243|531|532
224.0,winery|vineyard|Vineyard|grape plantation,core,landuse=vineyard,428
225.0,conservation,core,landuse=conservation,
226.0,car storage facilities|garages|carports|Garages,core,"landuse=garages, building=garage, building=garages",427|428|144|145|146|26|27
227.0,greenfield|lawn|grass|village green|Grass|meadow|fell|tundra|grassland|turf,core,"landuse=grass, landuse=village_green, landuse=meadow, landuse=greenfield, surface=grass, surface=artificial_turf, natural=grassland, natural=fell, natural=tundra",428
228.0,landfill,core,landuse=landfill,428
229.0,"army base|military installation|Military base, naval base|marine base|navy base",core,"landuse=military, military=base, military_service=***ANY***",450|2|427|428|82|277|86|278
230.0,Military Trench|war trench,,military=trench,
231.0,harbour|port|seaport|Port|harbor,core,"landuse=port, industrial=port, landuse=pond",
232.0,Quarry|mine|quarry|excavation site,core,"landuse=quarry, industrial=mine",428
233.0,recreation ground|Park|public garden|greenspace|recreational area,core,"landuse=recreation_ground, landuse=village_green, leisure=park, leisure=garden",450|227|287|427|428|146|82|85|86|217|219|220|221|286|223
234.0,winter sports,core,landuse=winter_sports,
235.0,amusement arcade,core,"leisure=amusement_arcade, leisure=adult_gaming_centre",
236.0,beach resort,core,leisure=beach_resort,288|428
237.0,bandstand,core,leisure=bandstand,
238.0,bird hide,core,leisure=bird_hide,
239.0,dance venue|dance hall|dance school,core,"leisure=dance, amenity=dancing_school",427|428
240.0,dog park,core,leisure=dog_park,450|82|427|428
241.0,fishing spot|place for fishing,core,leisure=fishing,294|428|463|464|465|466|467
242.0,fitness centre|gym|fitness facility|fitness studio,core,"leisure=fitness_centre, sport=fitness",427|428|242|499|250
243.0,garden,core,leisure=garden,450|227|287|427|428|146|82|85|86|217|219|220|221|286|223
244.0,horse riding centre|horseback riding|rodeo arena|equestrian arena|horse riding ring,core,"leisure=horse_riding, sport=equestrian",450|227|427|428|82|244|250
245.0,ice rink,core,leisure=ice_rink,
246.0,marina,core,leisure=marina,294|427|428|463|464|465|466|467
247.0,nature reserve,core,leisure=nature_reserve,100|427|428|462|221
248.0,park,core,leisure=park,512|513|514|515|388|389|390|516|517|518|394|395|396|397|519|520|521|522|523|524|525|526|527|528|529|401|411|427|428|443|444|445|446|447|448|449|450|331|592|593|82|86|221|227|503|100|233|508|497|242|244|500|501|502|504|505|506|507|252|509|510|511
249.0,playground|play area|play park|kids playground,core,"leisure=playground, playground=***ANY***",512|513|514|515|388|389|390|516|517|518|394|395|396|397|519|520|521|522|523|524|525|526|527|528|529|411|427|428|443|444|445|446|447|448|449|450|592|593|82|503|227|233|508|497|242|244|500|501|502|504|505|506|507|252|509|510|511
250.0,sports centre|sport pitch|sport field,core,"leisure=sports_centre, leisure=pitch",512|513|514|515|388|389|390|516|517|518|394|395|396|397|519|520|521|522|146|523|524|525|526|527|528|529|411|427|428|443|444|445|446|447|448|449|450|141|592|593|82|503|227|233|508|497|242|244|500|501|502|504|505|506|507|252|509|510|511
251.0,stadium|stadium building,core,"leisure=stadium, building=stadium",428
252.0,swimming|swimming pool,core,"leisure=swimming_pool, leisure=swimming_area, sport=swimming",288|294|427|428|463|144|465|464|466|467|250|252|253
253.0,water park,core,leisure=water_park,512|513|514|515|388|389|390|516|517|518|394|395|396|397|519|520|521|522|523|524|525|526|527|528|529|411|427|428|443|444|445|446|447|448|449|592|593|503|233|508|497|242|244|500|501|502|504|505|506|507|252|509|510|511
254.0,bridge,core,man_made=bridge,24|26|428|173|174|175|176|177|178|179|180|181|182|183|184|185|444|189|190|191|192|193|194|195|196|197|198|199|200|201|202|203|95|445|431|432
255.0,chimney,core,man_made=chimney,216|146|428
256.0,communications tower,core,man_made=communications_tower,
257.0,gasometer,core,man_made=gasometer,
258.0,lighthouse,core,man_made=lighthouse,146|428
259.0,mast,core,man_made=mast,146|24|26|444|165|427|428|173|174|175|176|177|434|435|178|179|180|183|181|182|184|443|185|189|446|447|190|191|192|193|194|197|195|196|198|201|199|200|202|203|339|340|341|342|343|344|346|347|348|349|350|95|445|431|432
260.0,mineshaft,core,man_made=mineshaft,428
261.0,observatory|telescope,core,"man_made=observatory, man_made=telescope",
262.0,offshore platform,core,man_made=offshore_platform,
263.0,petroleum well,core,man_made=petroleum_well,216|428
264.0,dock|pier|wharf|Pier|quay|floating pier|jetty|berth,core,"man_made=pier, man_made=quay, man_made=pier AND floating=yes",24|26|428|173|174|431|175|176|177|179|180|178|181|182|183|185|184|444|189|190|191|192|193|194|195|196|197|198|199|200|201|202|203|95|445|432
265.0,Diving Platform|diving tower,core,man_made=tower AND tower:type=diving,
266.0,pipeline,core,man_made=pipeline,428|414
267.0,pumping station,core,man_made=pumping_station,450|133|427|428|144|82|216
268.0,snow fence,core,"man_made=snow_fence, man_made=snow_net",
269.0,surveillance camera|security camera|cctv|monitoring camera|security video|public camera,core,man_made=surveillance,146|24|26|427|428|173|174|175|176|177|178|179|180|181|182|183|184|185|444|189|190|191|192|193|194|195|196|197|198|199|200|201|202|203|95|445|431|432
270.0,survey point,core,man_made=survey_point,99|298|299|428|146
271.0,tower,core,man_made=tower,142|144|401|146|145|412|545|546|547|548|549|550|551|552|554|555|556|557|558|427|428
272.0,wastewater plant,core,man_made=wastewater_plant,418|450|294|427|428|463|464|465|466|467|82|216
273.0,watermill,core,man_made=watermill,427|428
274.0,wildlife crossing,core,man_made=wildlife_crossing,
275.0,works|production plant|factory|industrial production building,core,"man_made=works, building=manufacture",144|145|427|428
276.0,military airfield,core,military=airfield,
277.0,military base,core,"military=base, military=academy, military=barracks, military=obstacle_course",428|229
278.0,bunker|military bunker,core,"military=bunker, building=bunker",145|428|229|278
279.0,military checkpoint,core,military=checkpoint,
280.0,police checkpoint,core,police=checkpoint,
281.0,danger area,core,military=danger_area,
282.0,nuclear explosion site,core,military=nuclear_explosion_site,
283.0,military office,core,military=office,
284.0,military range,core,military=range,
285.0,Military training area|military proving ground,core,military=training_area,
286.0,thicket|hedges|heath|shrubbery|scrub|Bushes,core,"natural=heath, natural=scrub, natural=shrubbery, barrier=hedge",227|287|233|428|146|243|530|531|532|220|414|286
287.0,row of trees|tree|copse|tree row|Tree|trees,core,"natural=tree, natural=tree_row, landuse=orchard",450|227|233|428|530|82|243|531|532
288.0,shoreline|coast|beach|Beach,core,"natural=beach, natural=bay, natural=coastline",330|428|221
289.0,geyser,core,natural=geyser,
290.0,glacier,core,natural=glacier,428
291.0,mud|muddy area,core,natural=mud,
292.0,spit|Peninsula|peninsula|promontory|headland|cape|land tongue,core,"natural=peninsula, natural=isthmus, natural=cape",428
293.0,reef,core,natural=reef,428
294.0,body of water|water,core,natural=water,512|513|514|515|388|389|390|516|517|518|394|395|396|397|519|520|521|401|522|523|524|525|526|527|528|529|158|415|414|417|418|419|421|427|428|45|561|443|444|445|446|447|448|65|449|450|463|592|593|464|86|272|218|220|480|503|504|508|241|242|497|244|500|246|501|502|505|506|507|252|509|510|511
295.0,cliff|Cliffs|escarpment|precipice,core,natural=cliff,512|513|514|515|388|389|390|516|517|518|394|395|396|397|519|520|528|529|146|522|523|524|525|526|527|428|443|444|445|446|447|448|449|521|592|593|503|508|497|242|244|500|501|502|504|505|506|507|252|509|510|511
296.0,dune|sand dune,core,natural=dune,
297.0,earth bank,core,natural=earth_bank,470
298.0,hill,core,natural=hill,428|270
299.0,peak,core,natural=peak,512|513|514|515|388|389|390|516|517|518|394|395|396|397|519|520|528|529|521|522|523|524|525|526|527|412|428|443|444|445|446|447|448|449|270|592|593|503|508|497|242|244|500|501|502|504|505|506|507|252|509|510|511
300.0,ridge,core,natural=ridge,428
301.0,rock|group of rocks,core,"natural=rock, natural=stone",401|146|428
302.0,sand|sandy area,core,natural=sand,512|513|514|515|388|389|390|516|517|518|394|395|396|397|519|520|521|522|523|524|525|526|527|528|529|428|443|444|445|446|447|448|449|330|592|593|220|503|508|497|242|244|500|501|502|504|505|506|507|252|509|510|511
303.0,scree,core,natural=scree,428
304.0,sinkhole,core,natural=sinkhole,428
305.0,valley,core,natural=valley,428|414
306.0,volcano,core,natural=volcano,
307.0,charity office,core,office=charity,
308.0,private office|company,core,office=company,106|427|428|144|145|146|213|216
309.0,construction company,core,office=construction_company,
310.0,educational institution,core,office=educational_institution,427|428|15
311.0,employment agency,core,office=employment_agency,427|428
312.0,energy supplier office,core,office=energy_supplier,
313.0,engineer office,core,office=engineer,
314.0,estate agent,core,office=estate_agent,144|427|428
315.0,financial office,core,office=financial,
316.0,forestry office,core,office=forestry,
317.0,office of a foundation,core,office=foundation,
318.0,governmental office|government office,core,"office=government, building=government",451|427|428|144|145|146|318
319.0,lawyer|lawyer's office,core,office=lawyer,427|428
320.0,haulers office|forwarders office,core,office=logistics,
321.0,moving company,core,office=moving_company,
322.0,newspaper company|office of a newspaper,core,office=newspaper,
323.0,office of a ngo,core,office=ngo,427|428
324.0,politician's office,core,office=politician,
325.0,office of a political party,core,office=political_party,
326.0,publisher's office,core,office=publisher,
327.0,office of a community of faith,core,office=religion,545|546|547|548|549|550|551|552|554|427|556|557|558|555|428
328.0,office of a telecommunication company,core,office=telecommunication,369|427|428
329.0,archipelago,core,place=archipelago,
330.0,atoll|islet|island|Island,core,"place=island, place=islet",288|227|428|462|302|221|286
331.0,square,core,place=square,24|26|428|173|174|175|176|177|178|179|180|181|182|183|184|185|444|189|190|191|192|193|194|195|196|197|198|199|200|201|202|203|95|445|233|248|431|432
332.0,sea|ocean,core,place=sea,
333.0,cable|power cable,core,power=cable,428
334.0,power line,core,power=line,428
335.0,power plant,core,power=plant,450|427|428|82|86|216
336.0,power substation,core,power=substation,450|567|134|133|427|428|144|145|146|82|86|566|216|476
337.0,Power line terminal,core,power=terminal,
338.0,power tower|power pole,core,"power=tower, power=pole",146|24|26|428|173|174|175|176|177|178|179|180|181|182|183|184|185|444|189|190|191|192|193|194|195|196|197|198|199|200|201|202|203|477|95|445|431|432
339.0,abandoned|disused railway tracks|decommissioned railroad|Abandoned train tracks|disused railway|extinct line|deserted train tracks,core,"railway=abandoned, railway=disused",24|26|428|173|174|175|176|177|178|179|180|181|182|183|184|185|436|444|189|190|191|192|193|194|195|196|197|198|199|200|201|202|203|95|445|431|432
340.0,railway under construction|railway repair,core,railway=construction,428|436
341.0,railroad tracks|Railway tracks|train tracks|train line|tracks,core,"railway=rail, railway=light_rail, railway=miniature, railway=narrow_gauge, railway=subway, railway=tram, railway=route",24|26|428|173|174|431|175|176|177|178|179|180|181|182|183|184|185|436|444|189|190|191|192|193|194|195|196|197|198|199|200|201|202|203|95|445|227|432
342.0,high-speed train tracks|high speed train track,core,railway=rail AND highspeed=yes,
343.0,tram tracks|tram|subway|light rail|subway tracks|metro|Subway|underground|tube|rapid transit,core,"railway=subway, railway=tram, railway=light_rail",428|436
344.0,railway bridge|railroad viaduct|train bridge|railroad bridge|trestle bridge,core/attr,railway=* AND bridge=yes,
345.0,railway cutting|submerged railway|sunken railway|under-level railway,attr,cutting=yes,
346.0,railway tunnel|train tunnel|metro tunnel|railway underpass|subway tunnel|railroad tunnel,attr,railway=* AND tunnel=yes,
347.0,railway crossing|level crossing|grade crossing|pedestrian railway crossing,core,"railway=crossing, railway=level_crossing, railway=tram_level_crossing, railway=railway_crossing",428
348.0,railway signal|railroad signal|railway light|train signal|trackside signal|railroad light|train signaling lights,core,railway=signal,428
349.0,railway switch|track switch|railroad switch|train switch|train crossover,core,railway=switch,428
350.0,turntable|rotating train platform|revolving train platform,core,railway=turntable,
351.0,alcohol shop,core,shop=alcohol,144|427|428|213
352.0,bakery,core,shop=bakery,9|427|12|428|144|213|571
353.0,department store|large store,core,shop=department_store,144|427|428|213
354.0,mall|shopping centre,core,shop=mall,427|428|144|146|213
355.0,supermarket|discount|wholesale,core,"shop=supermarket, building=supermarket, shop=discounter, shop=wholesale",427|428
356.0,clothes shop|clothing store|fashion store|boutique|fashion accessories,core,"shop=clothes, shop=fashion, shop=boutique, shop=fashion_accessories",427|428|144|213|571
357.0,fabric shop,core,shop=fabric,427|428
358.0,jewelry shop,core,shop=jewelry,427|428
359.0,shoe shop,core,shop=shoes,427|428
360.0,charity shop,core,shop=charity,427|428|213
361.0,second hand shop,core,shop=second_hand,427|428
362.0,beauty shop|nail salon,core,shop=beauty,427|428|144|213|571
363.0,hairdresser,core,shop=hairdresser,427|428|144|213|571
364.0,medical supply store,core,shop=medical_supply,427|428
365.0,tattoo shop|tattoo parlour,core,shop=tattoo,427|428
366.0,doityourself shop|DIY shop,core,shop=doityourself,144|427|428|213
367.0,florist,core,shop=florist,144|427|428|213
368.0,electronics shop,core,shop=electronics,427|428|144|213|571
369.0,mobile phone shop,core,shop=mobile_phone,328|427|428|213|571
370.0,bicycle shop,core,shop=bicycle,427|428
371.0,boat shop,core,shop=boat,
372.0,car shop,core,"shop=car, shop=car_repair, shop=car_parts",144|427|428|213
373.0,fuel shop,core,shop=fuel,
374.0,hunting shop,core,shop=hunting,
375.0,military surplus shop,core,shop=military_surplus,
376.0,motorcycle shop|motorcycle rental,core,"shop=motorcycle, amenity=motorcycle_rental",427|428
377.0,sports shop,core,shop=sports,512|513|514|515|388|389|390|516|517|518|394|395|396|397|519|520|521|522|523|524|525|526|527|528|529|427|428|443|444|445|446|447|448|449|592|593|213|503|508|497|242|244|500|501|502|504|505|506|507|252|509|510|511
378.0,art store,core,shop=art,427|428
379.0,Antique Shop|antiques shop|vintage store|antiques store|antiquities shop,core,shop=antiques,427|428
380.0,camera shop,core,shop=camera,
381.0,music shop | instrument shop,core,"shop=music, shop=musical_instrument",
382.0,books shop,core,shop=books,427|428
383.0,lottery shop,core,shop=lottery,427|428
384.0,laundry shop|laundry place|self service laundry,core,shop=laundry,427|428
385.0,travel agency,core,shop=travel_agency,427|428
386.0,weapon shop,core,shop=weapons,
387.0,vacant shop,core,shop=vacant,144|427|428|213
388.0,baseball facility|baseball field,core,sport=baseball,450|227|427|428|82|250|251
389.0,basketball facility|basketball field,core,sport=basketball,450|427|428|141|82|250
390.0,golf facility|golf course,core,"sport=golf, golf=***ANY***, leisure=golf_course",512|513|514|515|388|389|390|516|517|518|394|395|396|397|519|520|521|522|523|524|525|526|527|528|529|427|428|443|444|445|446|447|448|449|592|593|503|508|497|242|244|500|501|502|504|505|506|507|252|509|510|511
391.0,mini golf|miniature golf|putt-putt|crazy golf,core,leisure=miniature_golf,
392.0,disc golf|disck golf course,core,"disc_golf=***ANY***, leisure=disc_golf_course",
393.0,Bowling Alley|bowling center,core ,leisure=bowling_alley,
394.0,ice skating field|ice skating hall|ice hockey,core,"sport=ice_skating, sport=ice_hockey",
395.0,sports facility|sports hall|sports center|sports club|athletics club|sporting club|sports association|sports society,core,"sport=multi, building=sports_hall, club=sport, leisure=sports_hall",512|513|514|515|388|389|390|516|517|518|394|395|396|141|397|519|144|520|521|522|523|524|525|526|527|528|529|427|428|443|444|445|446|447|448|449|592|593|503|508|497|242|244|500|501|502|504|505|506|507|252|509|510|511
396.0,soccer field| soccer hall|soccer facility,core,sport=soccer,450|227|233|395|427|428|251|82|250|411
397.0,tennis court|tennis facility,core,sport=tennis,450|227|395|427|428|82|250
398.0,data center,core,telecom=data_center,
399.0,alpine hut,core,tourism=alpine_hut,427|428
400.0,aquarium,core,tourism=aquarium,
401.0,tourist attraction,core,tourism=attraction,512|513|514|515|516|517|518|519|520|521|522|523|524|525|526|527|528|529|24|26|544|545|546|547|548|549|550|551|552|553|554|555|556|557|558|562|586|592|593|82|95|110|137|142|144|145|146|157|173|174|175|176|177|178|179|180|181|182|183|184|185|189|190|191|192|193|194|195|196|197|198|199|200|201|202|203|205|209|210|211|233|242|244|248|252|265|271|278|287|294|301|388|389|390|394|395|396|397|425|427|428|431|432|443|444|445|446|447|448|449|450|463|464|465|466|467|481|482|497|500|501|502|503|504|505|506|507|508|509|510|511
402.0,parking lot for campers|caravan site|Caravan site|parking area for motorhomes,core,tourism=caravan_site,571|428|427
403.0,chalet,core,tourism=chalet,101|104|489|490|427|428|144|571
404.0,guest house,core,tourism=guest_house,101|102|104|9|11|12|427|428|144|406|571
405.0,hostel,core,tourism=hostel,144|571|428|427
406.0,hotel,core,"tourism=hotel, building=hotel",11|427|428|144|145|146|404|406|408|571
407.0,tourist information,core,tourism=information,146|24|26|427|428|173|174|175|176|177|178|179|180|181|182|183|184|185|444|189|190|191|192|193|194|195|196|197|198|199|200|201|202|203|95|445|431|432
408.0,motel,core,tourism=motel,427|428|144|146|406|571
409.0,museum,core,tourism=museum,427|428|144|146|58
410.0,picnic site|picnic table|picnic shelter|picnic pavilion,core,"tourism=picnic_site, leisure=picnic_table, amenity=shelter AND shelter_type=picnic_shelter",512|513|514|515|388|389|390|516|517|518|394|395|396|397|519|520|521|522|523|524|525|526|527|528|529|410|428|443|444|60|445|446|448|449|447|592|593|503|508|497|242|244|500|501|502|504|505|506|507|252|509|510|511
411.0,amusement park|carnival|fairground|funfair|festival ground|Fair|theme park,core,"tourism=theme_park, landuse=fairground, landuse=recreation_ground, recreation_ground=showground, amenity=festival_grounds, leisure=festival_grounds, attraction=big_wheel AND attraction=roller_coaster",512|509|513|514|388|389|390|515|516|517|394|395|396|397|518|519|520|521|522|523|524|525|526|527|528|529|427|428|443|444|445|446|447|448|449|450|592|593|82|227|503|504|233|508|505|497|242|506|244|500|501|502|248|249|250|507|252|253|510|511
412.0,viewpoint,core,tourism=viewpoint,481|482|137|265|299|553|586|428|271|146|562|60|157
413.0,zoo,core,tourism=zoo,
414.0,canal|stream|river|channelstream area|creek|estuary|brook|watercourse|surge,core,"water=river, water=canal, waterway=river, waterway=stream, waterway=canal",266|428
415.0,ditch|trench,core,"water=ditch, waterway=drain, waterway=ditch, barrier=ditch",428|415
416.0,lock for boats|lock,core,water=lock,
417.0,lake|pond,core,"water=lake, water=pond, landuse=pond",418|294|428|463|464|465|466|467|218
418.0,basin|reservoir|salt pond|water reservoir|wastewater basin,core,"water=basin, landuse=basin, landuse=reservoir, landuse=salt_pond, water=basin, water=reservoir, man_made=reservoir_covered, water=wastewater",418|450|294|428|463|464|465|466|467|86
419.0,lagoon,core,water=lagoon,294|428|463|464|465|466|467
420.0,moat,core,water=moat,
421.0,wastewater,core,water=wastewater,418|450|294|428|463|464|465|466|467|86
422.0,ship repair dock|dry dock|boatyard|boat storage,core,"waterway=dock, waterway=boatyard, amenity=boat_storage",
423.0,dam,core,waterway=dam,146|24|26|428|173|174|175|176|177|178|179|180|181|182|183|184|185|444|189|190|191|192|193|194|195|196|197|198|199|200|201|202|203|95|445|431|432
424.0,weir,core,waterway=weir,428
425.0,waterfall,core,waterway=waterfall,401|146|428
426.0,boat fuelling station|ship fuelling station,core,waterway=fuel,
427.0,street name,attr,addr:street=***any***,
428.0,name,attr,name=***any***,
429.0,toll road,attr,toll=yes,
430.0,city limit sign,core,traffic_sign=city_limit,428
431.0,living street|neighbourhood street|residential road,core,"highway=residential, highway=living_street, highway=service",264|26|27|427|428|429|433|434|179|435|439|183|440|186|442|184|443|446|447|456|339|340|341|342|343|344|345|346|347|348|349|350|227
432.0,divided highway|dual carriageway road|Dual carriageway,core,"dual_carriageway=yes, area:highway=traffic_island",227|85
433.0,slip course|slip track|slip training,core,leisure=slipway,24|26|428|173|174|431|175|176|177|178|179|180|181|182|183|185|184|444|189|190|191|192|193|194|195|196|197|198|199|200|201|202|203|95|445|432
434.0,monorail|single rail system|monorail track,core,railway=monorail,
435.0,Funicular|funicular|cable railway|incline railway,core,railway=funicular,
436.0,Train yard|railyard|rail yard|train depot,core,"landuse=depot, service=yard, landuse=railway",350|446|443|428|434|339|340|341|342|183|344|435|346|347|348|349|343|447
437.0,inlet|Estuary|baymouth bar,core,estuary=yes,
438.0,skyscraper|condominiums|tall buildings|High-rise apartments|high-rise buildings|skyline,core,building=* AND building:levels>10,
439.0,clear cut patch|logging|clear cut area|Logging area|deforested area|strip clearcut,core,"landuse=logging, man_made=clearcut, man_made=cutline",24|26|415|428|173|174|431|175|176|177|178|179|180|181|182|183|184|185|444|189|190|191|192|193|194|195|196|197|198|199|456|200|201|202|203|95|445|227|432
440.0,street lanes|Car lanes|traffic lanes,attr,lanes=***numeric***,
441.0,carpool lane|designated|HOV lane|High-occupancy vehicle lane,attr,"[""hov:lanes:forward:conditional""|""hov:lanes:backward:conditional""|""hov:lanes:forward""|""hov:lanes:backward""|""hov:lanes:conditional""|""hov:lanes""]=designated",
442.0,lanes in each direction|lanes going in each direction,attr,lanes:forward=***numeric*** AND lanes:backward=***numeric***,
443.0,train station|station|railway station|railway passenger station|railroad station|train platform|train stopping location,core,"railway=station, public_transport=station AND train=yes,public_transport=platform AND train=yes, public_transport=stop_position AND train=yes, railway=halt, railway=platform, building=train_station",
444.0,bus stop|bus platform|Bus bay|coach stop area|trolleybus station|trolleybus terminal|trolleybus stopping location,core,"highway=bus_stop, bus_bay=both, bus_bay=left, bus_bay=right, public_transport=stop_position AND bus=yes, public_transport=stop_area, public_transport=station AND trolleybus=yes, public_transport=platform, trolleybus=yespublic_transport=platform, trolleybus=yes public_transport=platform AND bus=yes, public_transport=stop_position AND trolleybus=yes, public_transport=platform AND trolleybus=yes, ",
445.0,bus station|public bus transport station|bus transit station|bus commuter station|bus transport hub|bus interchangeterminus|coach station|,core,"public_transport=platform AND bus=yes, public_transport=station AND bus=yes, amenity=bus_station, highway=platform AND bus=yes",
446.0,Tram Stop|Tram Stopping location|Tram Station|Tram Platform,core,"public_transport=stop_position AND tram=yes, public_transport=station AND tram=yes, public_transport=platform AND tram=yes, railway=tram_stop",
447.0,subway stop|subway station|subway platform|subway entrance,core,"public_transport=platform AND subway=yes, public_transport=stop_position AND subway=yes, public_transport=station AND subway=yes, railway=subway_entrance",
448.0,monorail station|aerialway station|aerialway stopping location|light rail stopping location|monorail stopping location|light rail stop|light rail platform|light rail station|aerialway stop|aerialway platform|monorail platform|monorail stop,core,"public_transport=station AND monorail=yes, public_transport=stop_position AND aerialway=yes, public_transport=stop_position AND light_rail=yes, public_transport=stop_position AND monorail=yes, public_transport=station AND light_rail=yes, public_transport=platform AND light_rail=yes, public_transport=platform AND aerialway=yes, public_transport=platform AND subway=yes, public_transport=platform AND monorail=yes",
449.0,Ferry|Ferry terminal|ferry stopping location|ferry platform|ferry dock|public water transit|public water transport|marine terminal| ferry port | ferry arrival | ferry departure,core,"amenity=ferry_terminal, public_transport=station AND ferry=yes, public_transport=stop_position AND ferry=yes, public_transport=platform AND ferry=yes",
450.0,spike strip|wicket gate|sally port|stile|bump gate|wire gate|kissing gate|mororcycle barrier|railing|noise barrier|drive through gate,core,"barrier=yes, barrier=fence AND fence_type=railing, barrier=wall AND wall=noise_barrier",
451.0,"Public Prosecutor's Office|attorney general, district attorney",core,office=government AND government=prosecutor,
452.0,Notary Office,core,office=lawyer AND lawyer=notary,
453.0,Liaison Office|diplomatic mission,core,office=diplomatic AND diplomatic=liaison,
454.0,Consulate|consular post,core,office=diplomatic AND diplomatic=consulate,
455.0,Embassy|foreign mission,core,"office=diplomatic AND diplomatic=embassy, amenity=embassy",
456.0,wintersports|sleigh trail|sled run|ski trail|ski touring trail|ice skating trail|ice skating ring|snowshoeing|winter hiking trail|cross-country ski trail|snowsport trail|piste|downhill ski run|snowsports half pipe|snow park|ski jump,core,"piste:type=sleigh, piste:type=sled,piste:type=skitour, piste:type=ice_skate, piste:type=hike, piste:type=nordic, piste:type=downhill, piste:type=downhill AND man_made=piste:halfpipe, piste:type=snow_park, piste:type=ski_jump",
457.0,Tourism map|public map|visitor center|public guidepost|trail marker|public information terminal|information terminal|public information board,core,tourism=information AND information=***ANY***,
458.0,art gallery,core,tourism=gallery,
459.0,public artwork|artwork|bust|statue|sculpture|art installation,core,"tourism=artwork, tourism=artwork AND artwork_type=bust, tourism=artwork AND artwork_type=statue, tourism=artwork AND artwork_type=sculpture, tourism=artwork AND artwork_type=installation",
460.0,graffiti|mural,core,"tourism=artwork AND artwork_type=graffiti, tourism=artwork AND artwork_type=mural",
461.0,campsite|camping area|camp ground|camping|backpacking site|camp pitch,core,"tourism=camp_site, tourism=camp_pitch",
462.0,wetland|Bog|Swamp|String Bog|Coastal Salt Marsh|Fen|reed bed|mangrove|marsh|wet meadow|tidal flat,core,"natural=wetland, wetland=***ANY***",
463.0,River Area|riverbank|,core,natural=water AND water=river,
464.0,Canal Area,core,natural=water AND water=canal,
465.0,Oxbow Lake,core,natural=water AND water=oxbow,
466.0,Moat,core,natural=water AND water=moat,
467.0,Stream Area|creek|estuary|stream|brook|watercourse|surge,core,natural=water AND water=stream,
468.0,Dovecote|Dove house|Pigeonhole|Pigeon house|doocot|Dovecot|birdhouse,core,man_made=dovecote,
469.0,Cross|wayside cross,core,"man_made=cross, historic=wayside_cross",
470.0,Embankment,core,man_made=embankment,
471.0,Satellite Dish|parabolic dish|satellite communication,core,man_made=satellite_dish,
472.0,Compass Rose|rose of the winds|public compass,core,man_made=compass_rose,
473.0,EV Charging Point|electrical vehicle|electrical charge point| EV charging station,core,man_made=charge_point,
474.0,Flagpole,core,man_made=flagpole,
475.0,Beehive|apiary|beekeeper|honey farm|pollination,core,man_made=beehive,
476.0,Street Cabinet|cable TV cabinet|telecommunications cabinet|technical box|telecom exchange,core,"man_made=street_cabinet, telecom=exchange",
477.0,Utility Pole|telephone pole|electricity pole,core,man_made=utility_pole,
478.0,Digital Screen|video wall|public screen|display|led wall,core,man_made=video_wall,
479.0,Tunnel Area|Tunnel|Underground passgae|underpass,core,man_made=tunnel,
480.0,Storage Tank,core,man_made=storage_tank,
481.0,Pagoda|buddhist tower|tiered tower,core,man_made=tower AND tower:type=pagoda,
482.0,Bell Tower|belfry|bell gable|campanile|klockstapel,core,man_made=tower AND tower:type=bell_tower,
483.0,Cosmetics Store|make up shop|make-up shop,core,shop=cosmetics,
484.0,Seafood Shop|fish shop,core,shop=seafood,
485.0,Furniture Store|interior shop,core,shop=furniture,
486.0,Tailor,core,shop=tailor,
487.0,entrance|exit,core,building=entrance,
488.0,Yurt|Ger,core,building=ger,
489.0,Cabin,core,building=cabin,
490.0,Bungalow,core,building=bungalow,
491.0,Allotment House,core,building=allotment_house,
492.0,Boathouse,core,building=boathouse,
493.0,Slaughterhouse|abattoir|butchery|killing house,core,industrial=slaughterhouse,
494.0,Scrap Yard|junk yard|junk shop|scrap heap|wreck yard,core,industrial=scrap_yard,
495.0,Fire Pit|bonfire|campfire|fire place,core,leisure=firepit,
496.0,Trampoline Park,core,leisure=trampoline_park,
497.0,Chess Table|public chess board|public chess,core/attr,"leisure=picnic_table AND sport=chess, sport=chess",
498.0,Resort|sanatorium|vacation resort,core,leisure=resort,
499.0,public fitness|public exercise|outdoor fitness|outdoor exercise,core,leisure=fitness_station,
500.0,Padel Court|padel,core,sport=padel,
501.0,Boules|Bocce Court|pétanque|pétangue|petanque|bocce|Jeu de Boules,core,sport=boules,
502.0,Skate Park|BMX|skateboarding|skatepark,core,sport=skateboard,
503.0,Rugby League Field|rugby Union field|rugby field,core,"sport=rugby_league, sport=rugby_union",
504.0,Australian Football Field|AFL,core,sport=australian_football,
505.0,Bowling Green,core,sport=bowls,
506.0,Four Square Court|4Square|4 square,core,sport=four_square,
507.0,Ping Pong Table|table tennis,core,sport=table_tennis,
508.0,Cricket Field|cricket,core,sport=cricket,
509.0,Team Handball Court|handball,core,"sport=handball, sport=american_handball",
510.0,Beach Volleyball Court|beach volleyball,core,sport=beachvolleyball,
511.0,Shooting Range|firing range|gun range|shooting gallery|gun practice|shooting practice|target practice,core,sport=shooting,
512.0,Hammer Throw Ring|Hammer throw,core,sport=athletics AND athletics=hammer_throw,
513.0,Shot Put Ring|shot put Pit,core,sport=athletics AND athletics=shot_put,
514.0,Paintball Field,core,sport=paintball,
515.0,Funnel Ball Court,core,sport=funnel_ball,
516.0,Softball Field,core,sport=softball,
517.0,American Football Field,core,sport=american_football,
518.0,Archery Range|bow and arrow|crossbow|bow shooting,core,sport=archery,
519.0,Netball,core,sport=netball,
520.0,Tetherball|swingball,core,sport=tetherball,
521.0,Field Hockey,core,sport=field_hockey,
522.0,Shuffleboard,core,sport=shuffleboard,
523.0,Gaga Pit,core,sport=gaga,
524.0,Badminton,core,sport=badminton,
525.0,Volleyball,core,sport=volleyball,
526.0,Pickleball Court,core,sport=pickleball,
527.0,Yoga|yoga studio|asanas|meditation center|meditation studio,core,sport=yoga,
528.0,climbing gym|climbing center|boulder center|bouldering|rock climbing|rock gym|climbing wall,core,sport=climbing,
529.0,adventure park|obstacle course|rope climbing,core,sport=climbing_adventure,
530.0,Community Garden|co-op garden|collective garden|communal garden,core/attr,leisure=garden AND garden:type=community,
531.0,Botanical Garden|rare plants|botanic garden,core/attr,leisure=garden AND garden:type=botanical,
532.0,Residential Garden|back garden|back yard|domestic garden|front garden|front yard,core/attr,leisure=garden AND garden:type=residential,
533.0,traffic calming|speed bump|speed hump|speed table|traffic island|speed cushion|traffic choker|traffic rumble strip|chicane|traffic chicane,core,traffic_calming=***ANY***,
534.0,smoking area|smokers' area,core,amenity=smoking_area,
535.0,Dojo|Martial Arts|dojang,core,amenity=dojo,
536.0,Coworking Space,core,amenity=coworking_space,
537.0,Permanent Polling Place|ballot box|ballot drop|polling place|voting booth|voting machine,core,amenity=polling_station,
538.0,Shisha lounge|Hookah lounge|waterpipe|nargile,core,amenity=hookah_lounge,
539.0,E-Waste Container|electronic waste|electronics recycling,core/attr,amenity=recycling AND recycling:electrical_items=yes,
540.0,Green Waste|biodegradable waste|biological waste|compost,core/attr,amenity=recycling AND recycling:green_waste=yes,
541.0,Abortion Clinic,attr,healthcare:speciality=abortion,
542.0,Transit Shelter|public transport shelter,core/attr,amenity=shelter AND shelter_type=public_transport,
543.0,nightclub|dance club|dancing|disco|discotheque|night club,core,amenity=nightclub,
544.0,place of worship|house of god|house of worship,core,"amenity=place_of_worship, building=cathedral, building=chapel, building=church, building=mosque, building=shrine, building=synagogue, building=temple",
545.0,religion,attr,religion=***any***,
546.0,catholic|roman catholic|sunni|baptist|lutheran|orthodox|anglican|protestant|methodist|russian orthodox|greek orthodox|jehovahs|evangelical|pentecostal|presbyterian|mormon|shia,attr,denomination=***any***,
547.0,Sikh Temple,core,amenity=place_of_worship AND religion=sikh,
548.0,Shinto Shrine,core,amenity=place_of_worship AND religion=shinto,
549.0,Jewish Synagogue|synagogue|shul|jewish temple|jewish house of worship,core,"amenity=place_of_worship AND religion=jewish, building=synagogue",
550.0,Taoist Temple,core,amenity=place_of_worship AND religion=taoist,
551.0,Christian Church|Cathedral,core,amenity=place_of_worship  AND religion=christian,
552.0,Muslim Mosque,core,"amenity=place_of_worship AND religion=muslim, building=mosque",
553.0,Minaret|Muezzin,core,man_made=tower AND tower:type=minaret,
554.0,Buddhist Temple,core,amenity=place_of_worship  AND religion=buddhist,
555.0,Hindu Temple,core,amenity=place_of_worship AND religion=hindu,
556.0,Kingdom Hall of Jehovah's Witnesses,core,amenity=place_of_worship AND religion=christian AND denomination=jehovahs_witness,
557.0,La Luz del Mundo Temple,core,amenity=place_of_worship AND religion=christian AND denomination=la_luz_del_mundo,
558.0,Quaker Friends Meeting House,core,amenity=place_of_worship AND religion=christian AND denomination=quaker,
559.0,manhole,core,manhole=***ANY***,
560.0,Lighting Mast|flood light|stadium lights|stadium lighting,core,man_made=mast AND tower:type=lighting,
561.0,Water Tank|cistern|water tower,core,"man_made=storage_tank AND content=water, man_made=water_tower, building=water_tower",
562.0,Communication Mast|broadcast tower|communication antenna|cell phone tower|mobile phone mast|radio broadcast mast|radio tower|transmission tower|tv mast|tv tower|communication tower|cell tower|,core,"man_made=mast AND tower:type=communication, man_made=mast AND tower:type=communication AND communication:radio=yes,  man_made=mast AND tower:type=communication AND communication:television=yes, man_made=mast AND tower:type=communication AND  communication:mobile_phone=yes, man_made=tower AND tower:type=communication",
563.0,Radio Telescope|ground station|radio dish|radio antenna,core,"man_made=telescope, telescope:type=radio",
564.0,Optical Telescope|refracting telescope|reflecting telescope,core,"man_made=telescope, telescope:type=optical",
565.0,crane|gantry crane|portal crane|overhead crane|gantry,core,"man_made=crane AND crane:type=***ANY***, man_made=gantry",
566.0,Postal Relay Box|post relay box,core,man_made=street_cabinet AND street_cabinet=postal_service,
567.0,Traffic Monitoring Cabinet|traffic count|traffic count box|vehicle counting,core,man_made=street_cabinet AND street_cabinet=traffic_monitoring,
568.0,Emergency Access|mountain rescue|lifeboat station,core,emergency=***ANY***,
569.0,first aid kit|med kit|medkit,core,emergency=first_aid_kit,
570.0,Lifeboat Station|lifeboat|marine rescue|boat rescue,core,emergency=water_rescue,
571.0,Wi-Fi Hotspot|wi-fi|public wifi|hotspot,core,internet_access=wlan,
572.0,Antenna,core,man_made=antenna,
573.0,Courtyard|yard,core,man_made=courtyard,
574.0,Torii|japanese gate|Shinto gate,core,man_made=torii,
575.0,Obelisk,core,man_made=obelisk,
576.0,Water Works,core,man_made=water_works,
577.0,Beacon,core,man_made=beacon,
578.0,Wind Turbine|windmill|wind mill|wind pump|aerorotor,core,"power=generator AND generator:source=wind, man_made=windmill, man_made=windpump",
579.0,Nuclear Reactor,core,"power=generator AND generator:source=nuclear, power=generator AND generator:method=fission",
580.0,Water Turbine|water dam|hydroelectricity,core,power=generator AND generator:source=hydro,
581.0,Solar Panel|photovoltaic|PV|sunlight energy|solar power plant,core,"power=generator AND generator:method=photovoltaic, power=plant AND plant:source=solar",
582.0,Wind Farm|offshore wind|wind park|wind power plant,core,power=plant AND plant:source=wind,
583.0,Waste Incineration Power Plant|garbage incinerator,core,power=plant AND plant:source=waste,
584.0,Coal-Fired Power Plant,core,power=plant AND plant:source=coal,
585.0,Nuclear Power Plant|atomic power plant|nuclear reactor,core,power=plant AND plant:source=nuclear,
586.0,Cooling Tower,core,man_made=tower AND tower:type=cooling,
587.0,Hydroelectric Power Station|water power plant|tidal power plant|hydro power plant,core,power=plant AND plant:source=hydro,
588.0,Oil-Fired Power Plant|oil power station,core,power=plant AND plant:source=oil,
589.0,Gas-Fired Power Plant|gas power station,core,power=plant AND plant:source=gas,
590.0,Parking Ticket Vending Machine|parking ticket,core,amenity=vending_machine AND vending=parking_tickets,
591.0,Vending machine,core,amenity=vending_machine AND vending=***ANY***,
592.0,Cycling track|running track|athletics track,core,"leisure=track AND sport=cycling, leisure=track AND sport=running, leisure=track AND sport=athletics, sport=athletics",
593.0,Horse Racetrack|equestrian race track|horse racing,core,sport=horse_racing,
594.0,Advertising Totem|Poster Box|Billboard|Notice Board|Advertising Column|advertising board|advertising column|advertising flag|advertising	screen|advertising sign|advertising tarp|wall painting,core,advertising=***ANY***,
595.0,Destination Sign,core,street_sign=destination_sign,
596.0,Hiking route | walking route | outdoor sports | bicycle route,core,"route=hiking, route=bicyle, route=walking",
597.0,public transport routes | bus route | tram route |metro route,core,"route=bus, route= train, route= ferry, route=tram, route= trolleybus, route=subway",
598.0,Garden Center | flower store,core,"shop=garden_centre, shop=flowers",
599.0,Computer Store ,core,shop=computer,
600.0,Rental Shop | automobile,core,"shop=rental, shop=automobile",
601.0,Chocolate Store | candy store,core,"shop=chocolate, shop=candy",
602.0,Outdoor store,core,shop=outdoor,
603.0,Funeral Home|morgue|crematorium|mortuary,core,"shop=funeral_directors, amenity=mortuary",
604.0,Storage Rental,core,shop=storage_rental,
605.0,Erotic Store | sex shop,core,"shop=erotic, shop=sex",
606.0,Motorcycle Repair Shop,core,shop=motorcycle_repair,
607.0,Butcher,core,shop=butcher,
608.0,Arts & Crafts Store,core,shop=craft,
609.0,Furnishing Store | carpet | curtains | mattress | luggage,core,"shop=bathroom_furnishing, shop=carpet, shop=curtains, shop=bed, shop=luggage",
,,,,443|428|427
